crim,zn,indus,chas,nox,rm,age,dis,rad,tax,ptratio,b,lstat
2.0872008023833306,-0.5926574454145281,1.0332367854162956,0.0,0.48925206294731566,-1.5720083240817098,1.02801515598702,-0.8096794211356407,1.7068914281359044,1.5784344438699722,0.8499675735923296,-1.6933287970913968,1.7835185385768637
-0.4771849185577743,-0.5926574454145281,-0.41315955843833585,0.0,-0.15723342278775473,-0.7368386782678106,-0.4311990821691972,0.33394930782546933,-0.624359880068644,-0.5846478824032391,1.2132438494254965,0.7273475662271253,-0.564854046225094
-0.6572303535342574,1.9693354490755997,-0.7152182326569738,0.0,-1.0087228586046046,-0.42640769671056833,-1.6185989034139625,1.3555795260612564,-0.9740475762993263,-0.602723779280174,-0.6485470642194828,-1.0233670034291191,-0.6562748767769953
1.473850511093164,-0.5926574454145281,1.0332367854162956,0.0,0.48925206294731566,-0.31295068822264216,0.5916814867344256,-0.8473091416056485,1.7068914281359044,1.5784344438699722,0.8499675735923296,-1.975255750003905,1.552109561242364
-0.4472922671717542,-0.5926574454145281,-0.41315955843833585,0.0,-0.15723342278775473,-0.9054483992151441,0.03374663096881321,-0.0009027421364119568,-0.624359880068644,-0.5846478824032391,1.2132438494254965,0.4823419611838322,-0.1634594620831538
-0.6094798729135648,-0.5926574454145281,-0.5235271509412998,0.0,-0.5400208814466786,0.20390901711124373,-1.9261783751821846,0.7714365396016177,-0.5077973146584166,-0.7051538615828051,0.5775103667174556,0.6255679358665286,-1.0490987580546949
-0.6557267601559341,-0.5926574454145281,-0.841560081969577,0.0,-0.35288034610231583,-0.4169529460032408,-1.218030289018138,1.0430000736399245,-0.5077973146584166,-1.0847476959984383,0.8499675735923296,0.7945011367743217,-0.630562768184273
-0.6615163540530741,1.9693354490755997,-1.4877913801777205,0.0,-1.2460510829731375,0.1282710114526263,-1.175112223190014,2.5702707182673747,-0.8574850108890988,-0.5484960886493693,-0.46690892630289865,0.7945011367743217,-0.9505356751159267
2.0872008023833306,-0.5926574454145281,1.0332367854162956,0.0,1.5610569471923015,-0.23573689077946966,1.1245808041002994,-0.898626732512782,1.7068914281359044,1.5784344438699722,0.8499675735923296,-1.975255750003905,2.0034999120923755
2.0872008023833306,-0.5926574454145281,1.0332367854162956,0.0,0.3446434674539444,0.8673173584087008,1.1245808041002994,-1.112624902029797,1.7068914281359044,1.5784344438699722,0.8499675735923296,-1.975255750003905,1.050723443684282
-0.6564041365667747,-0.5926574454145281,-0.841560081969577,0.0,-0.35288034610231583,0.013238211180145064,-1.0749700695910578,1.2686353176749143,-0.5077973146584166,-1.0847476959984383,0.8499675735923296,0.4010231843493342,-0.8105475283333282
-0.6468358150683535,-0.5926574454145281,-1.2380120918815392,0.0,-0.58255282129767,-0.2483432250559059,-0.22733826948560795,-0.5725501813677337,-0.7409224454788714,-1.2715319637267657,-0.23986125390716953,0.7945011367743217,-0.4248658994424958
-0.5424955472998553,-0.5926574454145281,-0.6948873603537962,0.0,-0.4464506137744972,1.3573886034051592,0.4057032014792218,-0.27790327000688725,-0.15810961842773427,-0.5846478824032391,-0.4214993918237538,-0.5076485671174364,-0.8662570969508928
2.0872008023833306,-0.5926574454145281,1.0332367854162956,0.0,1.3313844719969472,-0.14749255084441595,0.9457555298164491,-0.7517325131875299,1.7068914281359044,1.5784344438699722,0.8499675735923296,-1.975255750003905,0.39220777361511977
-0.6477470837824889,-0.5926574454145281,-1.2380120918815392,0.0,-0.58255282129767,2.2516504411398555,0.5273043879922396,-0.5043016008955143,-0.7409224454788714,-1.2715319637267657,-0.23986125390716953,0.7241997426077252,-0.6948430396660785
-0.41243927641845735,-0.5926574454145281,-0.41315955843833585,0.0,-0.15723342278775473,-1.107149747638124,0.6131405196484879,0.3129644193504335,-0.624359880068644,-0.5846478824032391,1.2132438494254965,-1.975255750003905,0.5836201375831628
-0.6151145511293018,-0.5926574454145281,-0.18806775793887026,0.0,0.24256681181156475,-0.9369642349062354,-0.5206117193111224,-0.6756622924655243,-0.39123474924818913,-0.07852276984906148,0.3958722288008713,0.7945011367743217,-0.059182577234891606
-0.6427168804804617,1.8668557332959945,-0.8793174162469068,0.0,-1.092936099509568,0.2826986063389699,-1.7902711667264586,1.140579805048842,-0.39123474924818913,-0.6268249751160871,-0.7847756676569191,-0.12308944828074658,-0.8662570969508928
-0.6051604592085632,1.2109855523065218,-0.7442623359472273,0.0,-1.067416935598973,-1.1166044983454515,0.28410201496620346,1.9823599904679003,-0.2746721838379617,-0.44606600634673804,0.35046269432172644,-0.48613843905153586,0.010811496156407654
-0.6251415445471712,1.2109855523065218,-0.7442623359472273,0.0,-1.067416935598973,0.2921533570462974,-1.9869789684386938,1.7161380644050572,-0.2746721838379617,-0.44606600634673804,0.35046269432172644,0.7619736260405225,-0.9319658189100717
2.0872008023833306,-0.5926574454145281,1.0332367854162956,0.0,1.0421672810102056,-0.5430162887676032,1.1245808041002994,-0.9518520405540096,1.7068914281359044,1.5784344438699722,0.8499675735923296,-1.975255750003905,1.1707132837836522
-0.6218974279248493,-0.5926574454145281,-0.1415971926744644,0.0,-0.08067593105596998,-0.4421656145561133,0.5022688495925005,-0.5012492534809637,-0.39123474924818913,0.168514487469049,-0.23986125390716953,0.6691128292682264,-0.30344760886575206
-0.624777037061517,-0.5926574454145281,-0.5917807936733958,0.0,-0.9228083401056019,-0.20894843044204353,-2.2158753195220218,0.9168999710762995,-0.7409224454788714,-1.0305200053676336,-0.1944517194280247,0.08466691059964573,-0.944821873206433
-0.5610975793177383,-0.5926574454145281,-0.5235271509412998,0.0,-0.5400208814466786,-0.41064977886502196,-0.6672484442238795,0.4400660734094583,-0.5077973146584166,-0.7051538615828051,0.5775103667174556,0.7945011367743217,-0.6748447329828501
-0.6620783030934576,1.9693354490755997,-0.992589419078896,0.0,-1.0844297115393697,0.33785131879837865,-1.4612326620441742,2.259169746624966,-0.624359880068644,-0.3195347282081937,-0.1944517194280247,0.5599882771290308,-0.8662570969508928
-0.6401076143956542,-0.5926574454145281,-1.2380120918815392,0.0,-0.58255282129767,1.344782269128723,0.8456133762174931,-0.5235695439498655,-0.7409224454788714,-1.2715319637267657,-0.23986125390716953,0.6486519757421277,-1.0862384704664048
0.4060227943069736,-0.5926574454145281,1.248163149764172,0.0,2.6753937712882787,-0.23573689077946966,0.5022688495925005,-0.9790847026432041,-0.5077973146584166,-0.006219182341321825,-1.6475568227606907,-1.975255750003905,0.37078101645451794
-0.656890146547647,1.0470180070591537,-1.111670242568936,0.0,-0.9661909187536132,2.2516504411398555,-0.14507864331503698,0.4274751403244368,-0.5077973146584166,-1.1329500876702647,-1.5567377538023985,0.291373994940239,-1.2376542210679908
-0.5500985659381246,-0.5926574454145281,2.12965168462337,0.0,0.20854125993077152,-1.08508866265436,0.9672145627305109,-0.9735046300259785,-0.8574850108890988,-1.3016584585216573,0.35046269432172644,-1.1786596353195131,2.1192044007596254
-0.6473339752987476,-0.5926574454145281,-1.12474008904955,0.0,-0.8207316844632222,0.04948142222490013,-1.8367657380402596,0.6754306748283281,-0.624359880068644,0.1564638895510924,-0.6485470642194828,-0.34343710163874197,-0.7262689501682945
-0.2562538939404182,-0.5926574454145281,-0.41315955843833585,0.0,-0.15723342278775473,-0.36180023354383206,1.1245808041002994,0.17961499167725,-0.624359880068644,-0.5846478824032391,1.2132438494254965,-0.2636922366139425,0.08794782193457402
-0.6002882091503196,-0.5926574454145281,-0.1415971926744644,0.0,-0.08067593105596998,-0.33028439785274216,0.9600615517591573,-0.5963489526155586,-0.39123474924818913,0.168514487469049,-0.23986125390716953,0.7945011367743217,0.6664702652708229
0.04029420857588973,-0.5926574454145281,1.248163149764172,0.0,2.6753937712882787,-1.7579517546591448,0.902837463988325,-1.0820537349559374,-0.5077973146584166,-0.006219182341321825,-1.6475568227606907,-1.29932620739651,2.270620151361211
1.2896618410297451,-0.5926574454145281,1.0332367854162956,0.0,0.23406042384136644,0.19445426640391622,0.2233014217096943,-0.7621295715683432,1.7068914281359044,1.5784344438699722,0.8499675735923296,-1.975255750003905,-0.05632567628014476
-0.6577163635151297,-0.5926574454145281,-0.841560081969577,0.0,-0.35288034610231583,-0.3822855267430408,-1.117888135419182,0.48351433113845327,-0.5077973146584166,-1.0847476959984383,0.8499675735923296,0.7546287042619234,-0.5591402443156004
-0.6634087554160951,1.9693354490755997,-1.403563480635985,0.0,-1.2375446950029392,0.810588854164737,-1.0034399598775179,2.15877613244326,-0.5077973146584166,-0.8919381293111326,-1.4659186848441073,0.5846462288143284,-1.2105136619978953
-0.663387492479432,1.9693354490755997,-1.1697584491494433,0.0,-1.3226085747049219,0.4765209958391773,-1.7795416502694277,1.1547446047694914,-0.9740475762993263,-0.8377104386803278,-1.2388710124483782,-0.26526614842364393,-1.149090291470837
-0.4398623895891706,-0.5926574454145281,-0.41315955843833585,0.0,-0.15723342278775473,-0.5950174176579018,0.9135669804453559,0.2867333087566386,-0.624359880068644,-0.5846478824032391,1.2132438494254965,0.6596693584100264,0.5536226775583202
-0.42955290286991926,-0.5926574454145281,-0.41315955843833585,0.0,-0.15723342278775473,-0.4910151598773032,0.47008030022140773,0.21915242928135212,-0.624359880068644,-0.5846478824032391,1.2132438494254965,0.2619943078258398,0.32078524974644707
-0.6481176663929039,1.9693354490755997,-1.2699606055008184,0.0,-1.3311149626751202,0.06839092363955379,-1.7330470789556265,1.9217422785320575,-0.5077973146584166,-0.27735763549534553,-1.6021472882815442,-0.7091092787590287,-1.064811713305803
-0.6544570590809056,1.9693354490755997,-1.105861421910885,0.0,-1.3481277386155168,-0.810900892141873,-1.339631475531156,1.3416531909823692,-0.624359880068644,-0.4038889136338899,-1.0118233400526482,0.7945011367743217,-0.31201831172999284
-0.5536130256123066,-0.5926574454145281,-0.05736929313272884,0.0,-0.5740464333274717,-1.4144291456262577,0.7168591787331207,-0.06361894291975818,-0.624359880068644,-0.7654068511725882,0.12341502192599735,0.7074113499709261,1.6506726441811326
2.0872008023833306,-0.5926574454145281,1.0332367854162956,0.0,1.161256712592981,-1.2143035889878326,0.602411003191457,-1.0449486366978056,1.7068914281359044,1.5784344438699722,0.8499675735923296,-1.975255750003905,2.1363458064881065
-0.6547152518832439,1.7028881880486264,0.5888620050754145,0.0,-0.786706132582429,-0.0828850876776811,0.3127140588516194,-0.08746540709593538,-0.624359880068644,-0.8075839438854363,-0.0582231159905869,0.7945011367743217,-0.262022545021922
-0.23829278758481032,-0.5926574454145281,1.248163149764172,0.0,2.6753937712882787,-0.2719801018242247,0.9815205846732191,-0.9772246784374622,-0.5077973146584166,-0.006219182341321825,-1.6475568227606907,-1.975255750003905,0.3850655212282524
2.0872008023833306,-0.5926574454145281,1.0332367854162956,0.0,1.5610569471923015,0.16451422249737996,1.0244386505013432,-0.8266581036290788,1.7068914281359044,1.5784344438699722,0.8499675735923296,0.2205479635037401,1.0135837312725722
-0.36751676637396463,-0.5926574454145281,-0.41315955843833585,0.0,-0.15723342278775473,-0.7699303057434556,1.1245808041002994,0.14155603485207122,-0.624359880068644,-0.5846478824032391,1.2132438494254965,0.6706867410779279,1.0650079484580164
-0.5077002702317869,-0.5926574454145281,-0.6948873603537962,0.0,-0.4464506137744972,2.2516504411398555,0.5165748715352086,-0.43114064880300246,-0.15810961842773427,-0.5846478824032391,-0.4214993918237538,0.012791604623347783,-1.1133790295365005
1.027526282721569,-0.5926574454145281,1.0332367854162956,0.0,1.3313844719969472,0.21178797603401622,0.6918236403333821,-0.7070919322497261,1.7068914281359044,1.5784344438699722,0.8499675735923296,-1.975255750003905,0.5421950737393323
2.0872008023833306,-0.5926574454145281,1.0332367854162956,0.0,1.5610569471923015,-0.079733504108571,1.002979617587281,-0.7632742018487997,1.7068914281359044,1.5784344438699722,0.8499675735923296,0.35485510459813596,0.5736209842415486
-0.6586914210392545,-0.5926574454145281,-1.2786738364878945,0.0,-0.8377444604036188,0.20233322532668868,-0.3525159614843031,1.0796759355428853,-0.7409224454788714,-1.096798293916395,0.1688245564051422,0.6486519757421277,-1.0305289018488402
-0.6277902989429246,-0.5926574454145281,-0.1415971926744644,0.0,-0.08067593105596998,-0.19791788795016094,0.14104179553912333,-0.509500130085921,-0.39123474924818913,0.168514487469049,-0.23986125390716953,0.6056317196103295,-0.054897225802771336
-0.6156886504192071,-0.5926574454145281,-0.5917807936733958,0.0,-0.9228083401056019,-0.9763590295200978,-1.2430658274178772,0.6209653506499391,-0.7409224454788714,-1.0305200053676336,-0.1944517194280247,0.7945011367743217,-0.3163036631621131
-0.34762073278200945,-0.5926574454145281,-0.41315955843833585,0.0,-0.15723342278775473,-0.5776837080278032,-1.4040085742733424,0.33394930782546933,-0.624359880068644,-0.5846478824032391,1.2132438494254965,0.26724068052484085,-0.8348311864486769
2.0872008023833306,-0.5926574454145281,1.0332367854162956,0.0,0.2000348719605732,-0.5918658340887931,0.08739421325396826,-0.4244636388336729,1.7068914281359044,1.5784344438699722,0.8499675735923296,-0.6828774152640296,0.815029114917662
0.711877987956984,-0.5926574454145281,1.0332367854162956,0.0,1.8162485862982507,0.15190788822094373,0.6954001458190588,-0.6105614452645602,1.7068914281359044,1.5784344438699722,0.8499675735923296,-0.37753852418223965,-0.661988678686489
-0.6579259553193809,-0.5926574454145281,-1.2786738364878945,0.0,-0.8377444604036188,1.097382958953662,-0.8138851691366368,1.0796759355428853,-0.7409224454788714,-1.096798293916395,0.1688245564051422,0.6754084765070264,-1.354787160212614
2.0872008023833306,-0.5926574454145281,1.0332367854162956,0.0,1.161256712592981,-0.9747832377355441,1.1245808041002994,-1.1317497662990912,1.7068914281359044,1.5784344438699722,0.8499675735923296,0.16860887378364425,1.5078275964437873
-0.649390405030313,-0.5926574454145281,-1.2380120918815392,0.0,-0.58255282129767,-0.234161098994916,0.008711092569074087,-0.2473797958613803,-0.7409224454788714,-1.2715319637267657,-0.23986125390716953,0.28088124954224,0.10366077718568219
-0.6224016632800042,1.456936870177574,-0.8502733129566532,0.0,-0.8802764002546104,-0.8833873142313817,-0.0842780500585278,1.6344400781374735,-0.15810961842773427,-0.72322975845974,0.6229199011966003,0.7005910654622266,0.10366077718568219
-0.6349741339726916,-0.5926574454145281,-0.3521669415288032,0.0,-0.31034840625132426,-0.16797784404362467,-0.5063056973684144,-0.4867506032618479,-0.5077973146584166,-0.12069986256190961,1.16783431494635,0.615599827738429,0.08223402002508033
-0.6125994494782883,-0.5926574454145281,-0.5235271509412998,0.0,-0.5400208814466786,0.11724046896074511,-0.5098822028540915,0.3538849518767537,-0.5077973146584166,-0.7051538615828051,0.5775103667174556,0.7945011367743217,-0.7934061226048468
-0.4364117187249781,1.0470180070591537,-1.0187291120401243,0.0,0.7699628659638598,-1.1686056272357515,-0.20587923657154614,-0.8641447453140296,-0.5077973146584166,-0.8437357376393062,-2.3286998399478787,0.5584143653193292,-0.28202085170515045
-0.3632581039165721,-0.5926574454145281,-0.41315955843833585,0.0,-0.15723342278775473,0.5868264207579947,0.6703646074193197,0.21013846582275694,-0.624359880068644,-0.5846478824032391,1.2132438494254965,-0.08006919214894831,-0.06346792866701187
-0.5097627750881133,1.0470180070591537,-1.0187291120401243,0.0,0.7699628659638598,2.2516504411398555,0.820577837817754,-0.7201121016899188,-0.5077973146584166,-0.8437357376393062,-2.3286998399478787,0.2677653177947404,-0.9305373684326983
2.0872008023833306,-0.5926574454145281,1.0332367854162956,0.0,0.48925206294731566,-0.18373576188917104,1.0065561230729583,-0.7763897571456971,1.7068914281359044,1.5784344438699722,0.8499675735923296,-0.10787496745364897,0.8007446101439277
-0.46366169084000564,-0.5926574454145281,-0.41315955843833585,0.0,-0.15723342278775473,-0.7699303057434556,0.7776597719896299,0.4214181384236879,-0.624359880068644,-0.5846478824032391,1.2132438494254965,-0.2558226775654439,0.3407835564296755
-0.6238505805354794,0.43213971238152293,-0.4523690978801783,0.0,-0.27632285437053106,-0.20422105508837976,0.9850970901588959,1.0264029345733054,-0.5077973146584166,-0.5605466865673259,-1.4205091503649614,0.7945011367743217,0.9607310636097541
-0.6339444003257186,-0.5926574454145281,2.4331625640065204,0.0,0.44672012309632414,-0.5020457023691858,0.5344573989635937,-0.805291671727224,-0.624359880068644,1.849572897023996,0.8045580391131847,0.7945011367743217,0.13222978673315117
-0.6288716711503652,-0.5926574454145281,-0.3521669415288032,0.0,-0.31034840625132426,0.2716680638470887,1.020862145015666,-0.6512435131491188,-0.5077973146584166,-0.12069986256190961,1.16783431494635,0.7074113499709261,-0.02204286482318184
-0.6434155198279654,-0.5926574454145281,-0.7297402843021006,0.0,-0.4889825536254887,-0.7116260097149382,-0.9676749050207478,0.06477042020478035,-0.5077973146584166,-0.7533562532546316,0.3958722288008713,0.7945011367743217,-0.5220005319038906
-0.2960884869976551,-0.5926574454145281,1.248163149764172,0.0,0.4126945712155309,1.0107144108031618,1.0315916614726974,-0.9162254230748008,-0.5077973146584166,-0.006219182341321825,-1.6475568227606907,-0.9614598055809208,-1.1190928314459943
0.41625026684195265,-0.5926574454145281,1.0332367854162956,0.0,0.2000348719605732,0.21336376781857128,0.2304544326810484,-0.430139097307603,1.7068914281359044,1.5784344438699722,0.8499675735923296,0.609304180499629,0.27650328494786997
-0.6280940551809697,-0.5926574454145281,-0.1415971926744644,0.0,-0.08067593105596998,-0.6769585904547382,0.16250082845318514,-0.6299724671039687,-0.39123474924818913,0.168514487469049,-0.23986125390716953,-1.975255750003905,0.42077678316258876
-0.6245309945087004,-0.5926574454145281,-0.1415971926744644,0.0,-0.08067593105596998,-0.07500612875490863,0.5594929373633328,-0.7353738387626723,-0.39123474924818913,0.168514487469049,-0.23986125390716953,0.366397124535937,-0.28202085170515045
-0.6475162290415746,-0.5926574454145281,-1.007111470724023,0.0,-0.39541228595330735,0.3851250723350149,-1.2681013658176161,-0.31767917225275105,-0.5077973146584166,-0.6509261709520004,-0.7847756676569191,0.48286659845373175,-1.0133874961203586
-0.6414411042806722,1.9693354490755997,-1.0956959857592965,0.0,-1.0163786077777832,1.3810254801734765,-1.5113037388436523,1.278841604342318,-0.5077973146584166,-0.036345677136213346,-1.4205091503649614,0.4582086467684341,-1.3647863135542282
-0.6329480798649307,1.0470180070591537,-0.5845197678508324,0.0,-0.786706132582429,0.37251873805857866,-0.3525159614843031,0.056805701169937065,-0.7409224454788714,-1.0907729949574165,0.12341502192599735,0.6927215064137251,-0.6705593815507297
0.1766048203986367,-0.5926574454145281,1.248163149764172,0.0,2.6753937712882787,-2.203900829688077,1.045897683415405,-1.1696656443392128,-0.5077973146584166,-0.006219182341321825,-1.6475568227606907,0.7945011367743217,2.409179847666436
2.0872008023833306,-0.5926574454145281,1.0332367854162956,0.0,0.9485970133380243,-2.1991734543344132,1.1245808041002994,-1.2515544023202059,1.7068914281359044,1.5784344438699722,0.8499675735923296,0.7945011367743217,2.790933237744493
1.7600071127059482,-0.5926574454145281,1.0332367854162956,0.0,1.2208014283843691,-1.2316372986179327,1.1245808041002994,-1.080384482463605,1.7068914281359044,1.5784344438699722,0.8499675735923296,0.7945011367743217,1.7335227718687927
2.0608715913648776,-0.5926574454145281,1.0332367854162956,0.0,1.8162485862982507,-0.14118938370619855,1.0315916614726974,-0.7994254415398845,1.7068914281359044,1.5784344438699722,0.8499675735923296,-0.21122850962394413,0.7393212396168692
-0.6491474000398769,1.9693354490755997,-0.6643910518990299,0.0,-0.9313147280758002,0.826346772010282,-1.4648091675298511,0.5076469528847448,-0.624359880068644,-0.9039887272290892,-0.33068032286546084,0.6135012786588281,-1.1805162019730526
-0.5589864734633248,-0.5926574454145281,-0.6948873603537962,0.0,-0.42093144986390224,1.023320745079598,0.7132826732474439,-0.4467362363742225,-0.15810961842773427,-0.5846478824032391,-0.4214993918237538,0.521689756426331,-0.3877261870307858
1.372790810695553,-0.5926574454145281,1.0332367854162956,0.0,1.3313844719969472,0.7050108045995833,0.8599193981602008,-0.7033718838382425,1.7068914281359044,1.5784344438699722,0.8499675735923296,-1.975255750003905,0.7164660319788939
-0.1730489852150993,-0.5926574454145281,1.583622542766602,0.0,0.5743159426492987,-2.021108982679751,1.1245808041002994,-1.1250727563297613,-0.624359880068644,0.19864098226394053,1.3040629183837877,0.7945011367743217,2.790933237744493
1.0545332498461604,-0.5926574454145281,1.0332367854162956,0.0,0.6338606584406868,0.6010085468189846,1.0101326285586352,-1.1645148080771586,1.7068914281359044,1.5784344438699722,0.8499675735923296,-0.3371414543999419,-1.2419395725001112
-0.6501740961244694,0.43213971238152293,-0.713766027492461,0.0,-1.2545574709433358,-0.6675038397474106,-1.6865525076418255,1.2875217173024467,-0.624359880068644,-0.35568652196206346,0.2596436253634335,0.7583011651512229,-0.617706713887912
0.4977055396361317,-0.5926574454145281,1.0332367854162956,0.0,1.8162485862982507,-0.079733504108571,0.8062718158750458,-0.716773596705254,1.7068914281359044,1.5784344438699722,0.8499675735923296,-1.631946236513101,0.25221962683252125
0.031002305254089514,-0.5926574454145281,1.248163149764172,0.0,0.4126945712155309,0.02742033724113636,0.9850970901588959,-0.8100132716341071,-0.5077973146584166,-0.006219182341321825,-1.6475568227606907,-1.975255750003905,-0.18917157067587592
-0.6137415729333379,-0.5926574454145281,-0.18806775793887026,0.0,0.24256681181156475,-1.1544235011747603,0.17680685039589336,-0.6669821795053957,-0.39123474924818913,-0.07852276984906148,0.3958722288008713,0.7352171252756238,0.38220862027350555
2.0872008023833306,-0.5926574454145281,1.0332367854162956,0.0,1.161256712592981,-0.6533217136864207,0.9350260133594182,-0.9616290908662424,1.7068914281359044,1.5784344438699722,0.8499675735923296,0.7945011367743217,0.5607649299451876
2.0872008023833306,-0.5926574454145281,1.0332367854162956,0.0,1.161256712592981,-0.49574253523096695,1.1245808041002994,-1.0538195213713437,1.7068914281359044,1.5784344438699722,0.8499675735923296,0.7945011367743217,2.049210327368326
-0.6611153958188546,1.9693354490755997,-1.1697584491494433,0.0,-1.3226085747049219,0.7853761856118645,-2.097850638494681,1.1547446047694914,-0.9740475762993263,-0.8377104386803278,-1.2388710124483782,0.609304180499629,-1.0562410104415623
-0.6098231174625559,1.2109855523065218,-0.7442623359472273,0.0,-1.067416935598973,0.6561612592783934,-1.8260362215832286,1.9211222704634772,-0.2746721838379617,-0.44606600634673804,0.35046269432172644,0.6287157594859286,-0.8376880874034239
-0.5876792877090666,-0.5926574454145281,-0.3521669415288032,0.0,-0.31034840625132426,-0.114400923368771,0.809848321360723,-0.5977320475377769,-0.5077973146584166,-0.12069986256190961,1.16783431494635,0.4970318047410333,0.44648889175531115
2.0872008023833306,-0.5926574454145281,1.0332367854162956,0.0,1.3739164118479386,0.17239318142015245,1.1245808041002994,-0.925000921891634,1.7068914281359044,1.5784344438699722,0.8499675735923296,-1.975255750003905,0.37078101645451794
0.05498082268537125,-0.5926574454145281,1.248163149764172,0.0,2.6753937712882787,-0.2704043100396697,1.1245808041002994,-1.1347544207852893,-0.5077973146584166,-0.006219182341321825,-1.6475568227606907,-1.975255750003905,2.196340726537792
-0.6549916700598649,1.7028881880486264,0.5888620050754145,0.0,-0.786706132582429,0.22124272674134374,-0.5349177412538303,-0.06318970656458693,-0.624359880068644,-0.8075839438854363,-0.0582231159905869,0.6953446927632255,-0.6091360110236712
-0.3255528420880316,-0.5926574454145281,1.248163149764172,0.0,2.6753937712882787,-2.032139525171633,0.6954001458190588,-1.04361323470394,-0.5077973146584166,-0.006219182341321825,-1.6475568227606907,-1.975255750003905,-0.0434696219837837
-0.47834830494948716,-0.5926574454145281,-0.6948873603537962,0.0,-0.42093144986390224,0.9098637365916719,0.3270200807943276,-0.2510044584161593,-0.15810961842773427,-0.5846478824032391,-0.4214993918237538,0.45296227406943307,-0.35630027652857
-0.6510063882167131,1.9693354490755997,-1.2786738364878945,0.0,-0.718655028820843,1.472421403677639,-0.9819809269634557,0.10664481129814771,-0.2746721838379617,-1.096798293916395,0.032595952967704414,0.6255679358665286,-0.7848354197406061
-0.6569721607319191,1.456936870177574,-0.8894828523984956,0.0,-1.1099488754499647,-0.21210001401115222,-0.7816966197655435,0.7641872144920598,-0.624359880068644,-0.741305655336675,0.30505315984257997,0.46607820581693266,-0.7019852920529458
-0.6178240567726643,1.2109855523065218,-0.7442623359472273,0.0,-1.067416935598973,0.20706060068035245,-0.6958604881092955,1.9211222704634772,-0.2746721838379617,-0.44606600634673804,0.35046269432172644,-0.3696689651337411,-0.4148667461008816
0.22042469529902553,-0.5926574454145281,1.248163149764172,0.0,0.4126945712155309,-0.3161022717917509,0.874225420102909,-0.722544441035889,-0.5077973146584166,-0.006219182341321825,-1.6475568227606907,-1.975255750003905,-0.3734416822570513
-0.2063467440296052,-0.5926574454145281,1.248163149764172,0.0,0.4126945712155309,2.2516504411398555,0.9064139694740023,-0.7804436560556474,-0.5077973146584166,-0.006219182341321825,-1.6475568227606907,0.3511826437088364,-1.3005060420724228
-0.6581902232464801,1.9693354490755997,-1.3817804031682948,0.0,-1.3055957987645253,1.0611397479089069,-1.9047193422681228,1.8385658114855514,-0.7409224454788714,-0.01224448130030013,-0.6031375297403364,0.7945011367743217,-1.1233781828781146
-0.5271315567795332,-0.5926574454145281,-0.6948873603537962,0.0,-0.4464506137744972,1.7497607577592362,0.29840803690891166,-0.06051890257685516,-0.15810961842773427,-0.5846478824032391,-0.4214993918237538,-0.29464583553804313,-1.0248150999393462
-0.6437739521888588,-0.5926574454145281,0.26792466371811197,0.0,-1.0163786077777832,-0.04506608484837238,-2.237334352436084,0.21610008186680135,-0.5077973146584166,-0.036345677136213346,0.1688245564051422,0.690622957334127,-0.8062621769012078
-0.4276665766316591,-0.5926574454145281,-0.15757144948410381,0.0,-0.1061950949665649,-0.2830106443161059,-0.5635297851392465,-0.5523283797463355,-0.624359880068644,-0.602723779280174,0.032595952967704414,0.7945011367743217,-0.9205382150910841
0.7758034882535791,-0.5926574454145281,1.0332367854162956,0.0,1.3313844719969472,0.35203344485936994,0.6417525635339039,-0.6498604182269005,1.7068914281359044,1.5784344438699722,0.8499675735923296,-1.975255750003905,0.815029114917662
-0.5556907182805352,1.2109855523065218,-0.7442623359472273,0.0,-1.067416935598973,2.2516504411398555,-2.151498220779836,2.4363012825256116,-0.2746721838379617,-0.44606600634673804,0.35046269432172644,0.7945011367743217,-1.269080131570207
-0.6237867917254899,-0.5926574454145281,-0.1415971926744644,0.0,-0.08067593105596998,-0.8991452320769266,-0.12004310491529784,-0.4956214879353859,-0.39123474924818913,0.168514487469049,-0.23986125390716953,0.5111970110283319,0.16936949914486094
-0.6650065132282126,1.9693354490755997,-1.1639496284913924,0.0,-1.3311149626751202,1.2392042195635693,-1.7080115405558876,1.6735005864580519,-0.9740475762993263,-0.7172044595007617,-1.375099615885815,0.680130211936128,-0.6534179758222484
-0.6396124917276407,1.9693354490755997,-0.7108616171634358,0.0,-1.0504041596585765,0.3047596913227337,-1.7938476722121357,0.8075877792927025,-0.2746721838379617,-0.45209130530571634,-1.0118233400526482,0.09725820507724581,-0.5362850366776251
0.1883419614367001,-0.5926574454145281,1.0332367854162956,0.0,-0.2082717506089446,-0.8502956867557367,-1.010592970848872,0.14303451563099415,1.7068914281359044,1.5784344438699722,0.8499675735923296,0.5856955033541303,-0.28630620313727073
0.5016118448573919,-0.5926574454145281,1.0332367854162956,0.0,1.8162485862982507,0.14718051286727996,0.8026953103893689,-0.6167615259503665,1.7068914281359044,1.5784344438699722,0.8499675735923296,0.5028028147099308,0.12080218291416353
2.0872008023833306,-0.5926574454145281,1.0332367854162956,0.0,1.161256712592981,-1.5010976937767562,0.9815205846732191,-0.9994495830496596,1.7068914281359044,1.5784344438699722,0.8499675735923296,0.7945011367743217,1.0492949932069084
-0.5771814721222274,-0.5926574454145281,-0.6948873603537962,0.0,-0.4464506137744972,2.181527706727177,-1.8439187490116136,-0.201880742213234,-0.15810961842773427,-0.5846478824032391,-0.4214993918237538,-0.2227705295617452,-1.2147990134300155
-0.5055162628802425,1.0470180070591537,-1.0187291120401243,0.0,0.7699628659638598,1.9199462704911248,0.7454712226185372,-0.79103148614987,-0.5077973146584166,-0.8437357376393062,-2.3286998399478787,0.3469855455496374,-0.7376965539872821
-0.5122869894262683,-0.5926574454145281,-0.6948873603537962,0.0,-0.42093144986390224,1.6646680013932913,0.10885324616803008,0.1667379010221142,-0.15810961842773427,-0.5846478824032391,-0.4214993918237538,0.4361738814326339,-1.0990945247627657
2.0872008023833306,-0.5926574454145281,1.0332367854162956,0.0,1.2208014283843691,-2.4000869068651163,1.1245808041002994,-1.1118141222478068,1.7068914281359044,1.5784344438699722,0.8499675735923296,0.7945011367743217,2.2649063494517176
0.81196263083047,-0.5926574454145281,1.0332367854162956,0.0,0.48925206294731566,0.28742598169263367,0.8956844530169709,-0.7120996897267233,1.7068914281359044,1.5784344438699722,0.8499675735923296,0.7583011651512229,0.893593891173202
-0.6381605369097849,-0.5926574454145281,-0.7297402843021006,0.0,-0.4889825536254887,-0.7258081357759281,-0.25595031337102414,-0.2005453402193682,-0.5077973146584166,-0.7533562532546316,0.3958722288008713,-0.2201473432122447,-0.14488960587729877
-0.6555748820369116,1.9693354490755997,-1.3745193773457314,0.0,-1.297089410794327,1.5527867846899202,-1.232336310960846,1.6743113662400422,-0.8574850108890988,-0.45209130530571634,-2.3286998399478787,0.7945011367743217,-1.1919438057920404
-0.5023571980045733,-0.5926574454145281,1.583622542766602,0.0,0.5743159426492987,-0.2373126825640247,1.0494741889010823,-1.0157128716178123,-0.624359880068644,0.19864098226394053,1.3040629183837877,0.7945011367743217,0.8621679806709862
0.8201063355724597,-0.5926574454145281,1.0332367854162956,0.0,0.6338606584406868,-2.098322780122923,1.1245808041002994,-1.1760564967384284,1.7068914281359044,1.5784344438699722,0.8499675735923296,-0.32717334627184236,-1.3090767449366636
-0.6080491810323724,1.2109855523065218,-0.7442623359472273,0.0,-1.067416935598973,-0.11912829872243477,0.38066766307948263,2.0303390763903693,-0.2746721838379617,-0.44606600634673804,0.35046269432172644,-0.29464583553804313,-0.3248743660263539
-0.6560001407701748,1.9693354490755997,-0.8226814148309122,0.0,-1.2885830228241286,-0.14591675905986232,-1.3324784645598022,1.6782221863649351,-0.39123474924818913,-0.6690020678289353,-0.7847756676569191,0.7945011367743217,-0.7548379597157635
2.0872008023833306,-0.5926574454145281,1.0332367854162956,0.0,0.9741161772486192,0.12354363609896253,0.9886735956445732,-1.1504930871415664,1.7068914281359044,1.5784344438699722,0.8499675735923296,0.7945011367743217,1.6092475803373025
-0.6363866004796015,1.456936870177574,-0.8502733129566532,0.0,-0.8802764002546104,-0.5902900423042394,-0.7638140923371585,1.4945090263516656,-0.15810961842773427,-0.72322975845974,0.6229199011966003,0.7945011367743217,-0.4577202604220851
-0.6371277657004316,-0.5926574454145281,-0.1415971926744644,0.0,-0.08067593105596998,0.6514338839247297,0.46650379473573045,-0.5345866103992595,-0.39123474924818913,0.168514487469049,-0.23986125390716953,0.7257736544174238,-0.3234459155489805
-0.6516533890037491,-0.5926574454145281,-1.1000526012528344,0.0,-0.5740464333274717,1.225022093502578,-0.19514972011451495,-0.18308972844240645,-0.8574850108890988,-0.8075839438854363,-0.23986125390716953,0.7504316061027244,-0.9605348284575408
-0.4290972685128516,1.0470180070591537,-1.0187291120401243,0.0,0.7699628659638598,1.1225956275065343,0.5737989593060405,-0.7943222982061826,-0.5077973146584166,-0.8437357376393062,-2.3286998399478787,0.12139151949264397,0.33792665547492845
-0.6409399064878977,0.43213971238152293,-0.4523690978801783,0.0,-0.27632285437053106,-0.4563477406171046,-0.0699720281158201,0.8404005139991227,-0.5077973146584166,-0.5605466865673259,-1.4205091503649614,0.7262982916873263,0.0008123428147934378
0.38757567797049336,-0.5926574454145281,1.0332367854162956,0.0,1.3739164118479386,2.2516504411398555,0.5129983660495319,-0.9031575607062556,1.7068914281359044,1.5784344438699722,0.8499675735923296,-1.4273377012521058,-1.0191012980298524
-0.6493023157212798,-0.5926574454145281,0.13722619891197052,0.0,0.14049015616918506,1.0627155396934618,0.8026953103893689,-0.7778205449962678,-0.9740475762993263,-0.7895080470085014,1.2132438494254965,0.7945011367743217,-0.9691055313217816
-0.6638066760879343,1.9693354490755997,-1.3745193773457314,0.0,-0.9738466679267918,1.4803003626004114,-0.6887074771379416,1.5450158374768088,-0.9740475762993263,-0.72322975845974,-1.2842805469275238,0.681179486475927,-0.9905322884823834
-0.2598625180483942,-0.5926574454145281,1.248163149764172,0.0,0.4126945712155309,-0.3712549842511596,1.1245808041002994,-0.9734569370976263,-0.5077973146584166,-0.006219182341321825,-1.6475568227606907,-1.461963761065506,-0.8562579436092788
-0.16455596079935778,-0.5926574454145281,1.248163149764172,0.0,2.6753937712882787,-0.2830106443161059,1.02801515598702,-1.039893186292456,-0.5077973146584166,-0.006219182341321825,-1.6475568227606907,-0.46987468368463625,0.2393635725361602
-0.6512797688309536,-0.5926574454145281,-1.007111470724023,0.0,-0.39541228595330735,0.02111717010291894,0.17323034491021655,-0.22935186894419038,-0.5077973146584166,-0.6509261709520004,-0.7847756676569191,0.7262982916873263,-0.8762562502925071
1.6626653886620097,-0.5926574454145281,1.0332367854162956,0.0,1.161256712592981,-0.8739325635240542,1.0852392437578524,-1.0325484753261935,1.7068914281359044,1.5784344438699722,0.8499675735923296,0.5951389742123304,1.0707217503675106
-0.6425224764881129,-0.5926574454145281,-1.2380120918815392,0.0,-0.58255282129767,-1.0992707887153514,0.7597772445612448,-0.3865477607935511,-0.7409224454788714,-1.2715319637267657,-0.23986125390716953,0.48496514753333275,0.22222216680767887
-0.5456424619260027,-0.5926574454145281,-0.15757144948410381,0.0,-0.1061950949665649,0.12669521966807124,-0.048512995201757766,-0.12681207298662792,-0.624359880068644,-0.602723779280174,0.032595952967704414,0.7058374381612247,-0.2948769060015115
-0.5994468043709346,0.43213971238152293,-0.4523690978801783,0.0,-0.27632285437053106,0.11881626074529876,0.92071999141671,1.2153623167053342,-0.5077973146584166,-0.5605466865673259,-1.4205091503649614,0.5647100125581292,1.1464296256683033
2.0872008023833306,-0.5926574454145281,1.0332367854162956,0.0,1.2208014283843691,-2.4000869068651163,0.809848321360723,-1.1250250634014092,1.7068914281359044,1.5784344438699722,0.8499675735923296,-1.975255750003905,2.600592211634479
-0.6034806872121737,-0.5926574454145281,-0.3521669415288032,0.0,-0.31034840625132426,-0.25937376754778846,0.673941112904997,-0.5168448410521835,-0.5077973146584166,-0.12069986256190961,1.16783431494635,0.6670142801886284,0.14508584102951222
-0.6542049414033281,1.456936870177574,-0.8894828523984956,0.0,-1.1099488754499647,0.5001578726074947,0.06593518033990645,0.7641872144920598,-0.624359880068644,-0.741305655336675,0.30505315984257997,0.7278722034970248,-0.743410355896776
-0.6145860152751033,-0.5926574454145281,-0.7297402843021006,0.0,-0.4889825536254887,-0.5288341627066119,-1.371820024902249,0.023325265466584248,-0.5077973146584166,-0.7533562532546316,0.3958722288008713,0.612452004119029,-0.3277312669811008
-0.5932714400514774,-0.5926574454145281,-0.15757144948410381,0.0,-0.1061950949665649,-0.8187798510646455,0.11242975165370739,0.1112710253483259,-0.624359880068644,-0.602723779280174,0.032595952967704414,0.7945011367743217,0.5021984603728756
-0.12091226451703511,-0.5926574454145281,1.248163149764172,0.0,0.4126945712155309,-0.6690796315319656,0.38066766307948263,-0.6545820181337837,-0.5077973146584166,-0.006219182341321825,-1.6475568227606907,-1.975255750003905,-0.0406127210290366
1.2741915358261076,-0.5926574454145281,1.0332367854162956,0.0,0.23406042384136644,-0.2199789729339247,1.0315916614726974,-0.7594587675806114,1.7068914281359044,1.5784344438699722,0.8499675735923296,-1.975255750003905,1.6678140499096141
-0.6508666603472122,1.9693354490755997,-1.2699606055008184,0.0,-1.3311149626751202,1.1651420056895068,-2.094274133009004,1.9217422785320575,-0.5077973146584166,-0.27735763549534553,-1.6021472882815442,-0.5338804306124356,-1.0976660742853923
-0.6514407596371175,-0.5926574454145281,0.4262150266499943,0.0,-1.0163786077777832,0.38985244768867866,-0.6279068838814325,1.0311245344801885,-0.624359880068644,-0.6931032636648485,-1.0572328745317947,0.5820230424648308,-0.7191266977814272
-0.6563130096953612,1.9693354490755997,-1.3745193773457314,0.0,-1.297089410794327,1.5323014914907114,-1.082123080562412,1.6743113662400422,-0.8574850108890988,-0.45209130530571634,-2.3286998399478787,0.5479216199213301,-0.829117384539183
2.0872008023833306,-0.5926574454145281,1.0332367854162956,0.0,0.9741161772486192,0.775921434904537,1.081662738272175,-1.163894800008578,1.7068914281359044,1.5784344438699722,0.8499675735923296,0.7945011367743217,1.259277213380806
-0.01314866394576837,-0.5926574454145281,1.248163149764172,0.0,2.6753937712882787,-1.0614517858860428,1.1245808041002994,-1.0882538156417436,-0.5077973146584166,-0.006219182341321825,-1.6475568227606907,-1.975255750003905,0.6036184442663908
1.1159132728679375,-0.5926574454145281,1.0332367854162956,0.0,1.161256712592981,0.16293843071282632,0.9815205846732191,-1.0118497444212717,1.7068914281359044,1.5784344438699722,0.8499675735923296,0.7945011367743217,0.9921569741119705
0.051724555813527556,-0.5926574454145281,1.248163149764172,0.0,2.6753937712882787,-2.167657618643322,0.9707910682161882,-1.1148664696623576,-0.5077973146584166,-0.006219182341321825,-1.6475568227606907,0.5222143936962305,2.443462659123399
1.5700470741196728,-0.5926574454145281,1.0332367854162956,0.0,1.0421672810102056,-0.1711294276127348,0.3413261027370353,-0.888420445845378,1.7068914281359044,1.5784344438699722,0.8499675735923296,-1.975255750003905,1.2992738267472628
-0.6547061391961025,1.9693354490755997,-0.8226814148309122,0.0,-1.2885830228241286,0.4150651162415511,-1.6329049253566705,1.6782221863649351,-0.39123474924818913,-0.6690020678289353,-0.7847756676569191,-0.5265355088338336,-0.41629519657825503
-0.6220796816676764,-0.5926574454145281,2.12965168462337,0.0,0.20854125993077152,-0.7021712590076106,1.0172856395299892,-0.8842234681503709,-0.8574850108890988,-1.3016584585216573,0.35046269432172644,-0.6005093638897325,1.8549410624455365
-0.604741275600061,-0.5926574454145281,2.4331625640065204,0.0,0.44672012309632414,-1.9045003906227158,1.0530506943867592,-0.9423134548835387,-0.624359880068644,1.849572897023996,0.8045580391131847,-1.975255750003905,2.464889416284001
-0.6328144271201909,-0.5926574454145281,-1.175567269807494,0.0,-0.9483275040161968,-0.21840318114936966,0.037323136454490015,-0.1446015352620562,-0.8574850108890988,-0.7714321501315665,-0.14904218494887822,0.5285100409350305,-0.15488875921891299
0.5768522650211678,-0.5926574454145281,1.248163149764172,0.0,2.6753937712882787,-1.3135784714147676,1.1245808041002994,-1.1382360045550113,-0.5077973146584166,-0.006219182341321825,-1.6475568227606907,0.7945011367743217,1.9992145606602554
-0.639655017600967,1.8668557332959945,-0.8793174162469068,0.0,-1.092936099509568,0.479672579408286,-0.9426393666210087,1.140579805048842,-0.39123474924818913,-0.6268249751160871,-0.7847756676569191,0.10617703866554337,-0.721983598736174
-0.6385857956430482,1.9693354490755997,-0.6643910518990299,0.0,-0.9313147280758002,0.8704689419778094,-0.9211803337069469,0.22363556454647318,-0.624359880068644,-0.9039887272290892,-0.33068032286546084,0.7945011367743217,-1.3490733583031203
-0.6310556785019096,-0.5926574454145281,-1.175567269807494,0.0,-0.9483275040161968,2.2516504411398555,0.26621948753781843,-0.1446015352620562,-0.8574850108890988,-0.7714321501315665,-0.14904218494887822,0.7945011367743217,-1.1733739495861852
-0.6625673506367102,1.9693354490755997,-1.3019091191200973,0.0,-1.2460510829731375,0.6719191771239383,-1.160806201247306,2.872262340594485,-0.5077973146584166,-1.3076837574806357,-0.6031375297403364,0.1418523730187426,-1.1319488857423552
-0.6395122521690858,-0.5926574454145281,2.12965168462337,0.0,0.20854125993077152,-0.5367131216293844,0.8706489146172323,-0.8162610452482656,-0.8574850108890988,-1.3016584585216573,0.35046269432172644,-0.192341567907547,0.786460105370193
-0.6373586204413457,-0.5926574454145281,-1.2380120918815392,0.0,-0.58255282129767,0.411913532672441,0.9672145627305109,-0.4537470968420186,-0.7409224454788714,-1.2715319637267657,-0.23986125390716953,0.7945011367743217,-0.9633917294122878
-0.6611457714426591,1.9693354490755997,-1.3004569139555846,0.0,-1.2035191431221461,2.0617675311010335,-1.8904133203254145,1.178781840659078,-0.8574850108890988,-0.33761062508512857,-1.6475568227606907,0.7147562717495252,-1.3305035020972655
-0.5645330623700286,1.2109855523065218,-0.7442623359472273,0.0,-1.067416935598973,-0.3050717292998697,-1.20372426707543,2.0303390763903693,-0.2746721838379617,-0.44606600634673804,0.35046269432172644,0.4419448914015345,-0.46629096328632585
0.05474693038207646,-0.5926574454145281,1.0332367854162956,0.0,0.22555403587116812,-0.6785343822392917,-0.9533688830780398,-0.035480115191868916,1.7068914281359044,1.5784344438699722,0.8499675735923296,-0.5784745985539325,0.13080133625577775
-0.6570146866052455,1.9693354490755997,-0.7108616171634358,0.0,-1.0504041596585765,0.45445991085541354,-1.0070164653631948,0.8075877792927025,-0.2746721838379617,-0.45209130530571634,-1.0118233400526482,0.7341678507358248,-0.4177236470556284
-0.6546939889465807,1.9693354490755997,-1.3178833759297368,0.0,-1.2205319190625428,-1.0062990734266342,-1.6686699802134406,2.872262340594485,-0.624359880068644,-0.42196481051082485,1.6673391942169546,0.05476258621534704,-0.6248489662747791
2.0872008023833306,-0.5926574454145281,1.0332367854162956,0.0,0.3446434674539444,-0.8581746456785092,1.1245808041002994,-1.137663689414783,1.7068914281359044,1.5784344438699722,0.8499675735923296,-1.975255750003905,-0.33058816793584783
2.0872008023833306,-0.5926574454145281,1.0332367854162956,0.0,1.161256712592981,-0.708474426145828,0.3305965862800044,-1.0959800700348252,1.7068914281359044,1.5784344438699722,0.8499675735923296,-1.975255750003905,2.506314480127831
-0.6617897346673147,1.9693354490755997,-1.339666453397427,0.0,-1.4587107822280947,-0.11282513158421595,-1.3253254535884482,2.5233408767686583,-0.9740475762993263,-0.9823176136958072,-0.0582231159905869,-1.975255750003905,0.07223486668346613
-0.6164176653905153,-0.5926574454145281,2.12965168462337,0.0,0.20854125993077152,-0.49731832701552203,0.7097061677617671,-0.8610923978994789,-0.8574850108890988,-1.3016584585216573,0.35046269432172644,0.1712320601331418,0.3407835564296755
-0.6511157404624092,1.9693354490755997,-1.2786738364878945,0.0,-0.718655028820843,0.495430497253831,-0.3739749943983651,-0.2043130815592041,-0.2746721838379617,-1.096798293916395,0.032595952967704414,0.6087795432297295,-0.49914532426591535
-0.4810395852185669,-0.5926574454145281,-0.6948873603537962,0.0,-0.42093144986390224,0.4985820808229411,0.4378917508503145,-0.2510044584161593,-0.15810961842773427,-0.5846478824032391,-0.4214993918237538,0.7945011367743217,-0.6891292377565847
2.0872008023833306,-0.5926574454145281,1.0332367854162956,0.0,0.48925206294731566,-1.029935950194953,0.6810941238763506,-0.8809803490224107,1.7068914281359044,1.5784344438699722,0.8499675735923296,-1.975255750003905,0.2393635725361602
-0.6330543945482464,-0.5926574454145281,0.42185841115645634,0.0,-0.05515676714537506,0.11251309360708134,0.8527663871888472,-0.20750850775881186,-0.5077973146584166,-0.7714321501315665,-0.875594736615212,0.6287157594859286,-0.27487859931828307
-0.4000733599676405,-0.5926574454145281,1.583622542766602,0.0,0.5743159426492987,-1.0472696598250528,0.9350260133594182,-0.867292478585285,-0.624359880068644,0.19864098226394053,1.3040629183837877,0.7945011367743217,0.8450265749425045
2.0029027508963475,-0.5926574454145281,1.0332367854162956,0.0,0.23406042384136644,-1.1607266683129778,0.07308819131126004,-0.8274211904827167,1.7068914281359044,1.5784344438699722,0.8499675735923296,-1.975255750003905,0.676469418612437
-0.6438043278126632,1.9693354490755997,-0.8764130059178814,0.0,-1.2375446950029392,1.3337517266368404,-1.4612326620441742,0.628739297971373,-0.624359880068644,-0.958216417859894,0.3958722288008713,0.7945011367743217,-1.26622323061546
-0.652500868907895,1.9693354490755997,-0.7152182326569738,0.0,-1.0087228586046046,-0.9385400266907891,-1.4361971236444353,1.3555795260612564,-0.9740475762993263,-0.602723779280174,-0.6485470642194828,0.6434056030431268,0.0008123428147934378
2.0872008023833306,-0.5926574454145281,1.0332367854162956,0.0,0.9741161772486192,1.0501092054170256,0.8348838597604622,-1.1359944369224506,1.7068914281359044,1.5784344438699722,0.8499675735923296,0.7945011367743217,0.6836116709993044
1.1013208231922502,-0.5926574454145281,1.0332367854162956,0.0,-0.2082717506089446,-0.0939156301695623,-0.13792563234368285,-0.17846351439222805,1.7068914281359044,1.5784344438699722,0.8499675735923296,0.7945011367743217,-0.24059578786132016
0.9123115416310553,-0.5926574454145281,1.0332367854162956,0.0,1.8162485862982507,-0.27513168539333344,0.5308808934779169,-0.5130294067839952,1.7068914281359044,1.5784344438699722,0.8499675735923296,0.7173794580990257,-0.13489045253568455
-0.6249198024933982,-0.5926574454145281,0.4262150266499943,0.0,-1.0163786077777832,-0.8061735167882093,-0.3775514998840422,1.2026283048352557,-0.624359880068644,-0.6931032636648485,-1.0572328745317947,0.7945011367743217,0.48791395559914114
-0.6428535707875821,-0.5926574454145281,0.4262150266499943,0.0,-1.0163786077777832,-0.46107511597076695,-0.9390628611353319,0.8128340014114616,-0.624359880068644,-0.6931032636648485,-1.0572328745317947,0.7945011367743217,-0.28916310409201756
1.3184305943349988,-0.5926574454145281,1.0332367854162956,0.0,0.6338606584406868,1.125747211075643,1.035168166958374,-1.2381049965248418,1.7068914281359044,1.5784344438699722,0.8499675735923296,0.5400520608728316,-1.351930259257867
2.0872008023833306,-0.5926574454145281,1.0332367854162956,0.0,1.5610569471923015,-0.5776837080278032,0.6918236403333821,-0.9432673134505858,1.7068914281359044,1.5784344438699722,0.8499675735923296,-1.975255750003905,2.790933237744493
-0.6303084381563187,-0.5926574454145281,-0.1415971926744644,0.0,-0.08067593105596998,-0.6123511272880019,0.8706489146172323,-0.6891593911892406,-0.39123474924818913,0.168514487469049,-0.23986125390716953,0.6921968691438255,0.5407666232619591
-0.6502014341858935,-0.5926574454145281,-1.2380120918815392,0.0,-0.58255282129767,1.0690187068316805,-0.3632454779413342,-0.4623318239454423,-0.7409224454788714,-1.2715319637267657,-0.23986125390716953,0.7945011367743217,-1.0548125599641889
0.13278494549824787,-0.5926574454145281,-0.15757144948410381,0.0,-0.1061950949665649,-2.0935954047692595,-1.100005607990797,-0.6099891301243321,-0.624359880068644,-0.602723779280174,0.032595952967704414,-1.6424389819111,0.030809802839636087
-0.6601707139185343,-0.5926574454145281,-1.320787786258762,0.0,-0.3273611821917209,0.3756703216276874,-0.316750906627533,1.177303359880155,-0.9740475762993263,0.10826149787926596,-1.1026424090109403,0.4304028714637334,-0.539141937632372
-0.652318615165068,-0.5926574454145281,-0.841560081969577,0.0,-0.35288034610231583,0.022692961887472593,-1.0892760915337658,1.2686353176749143,-0.5077973146584166,-1.0847476959984383,0.8499675735923296,0.4172869397162338,-0.9633917294122878
0.8011063828827376,-0.5926574454145281,1.0332367854162956,0.0,0.22555403587116812,-0.6249574615644381,-0.5492237631965382,-0.3081405865822801,1.7068914281359044,1.5784344438699722,0.8499675735923296,0.33911598650113883,-0.13917580396780507
1.823218785843138,-0.5926574454145281,1.0332367854162956,0.0,1.3313844719969472,-0.5761079162432482,0.4200092234219295,-0.486082902264915,1.7068914281359044,1.5784344438699722,0.8499675735923296,-1.975255750003905,0.6450435081102213
-0.5670724645200859,-0.5926574454145281,-0.6948873603537962,0.0,-0.42093144986390224,2.2516504411398555,0.06593518033990645,-0.06986671653391668,-0.15810961842773427,-0.5846478824032391,-0.4214993918237538,-0.14722276269614773,-1.2105136619978953
-0.5556117416586435,-0.5926574454145281,-0.15757144948410381,0.0,-0.1061950949665649,0.41821669981065984,0.6703646074193197,-0.09352240899668449,-0.624359880068644,-0.602723779280174,0.032595952967704414,0.7310200271164248,-0.4491495575578445
0.013372293197950937,-0.5926574454145281,1.248163149764172,0.0,0.4126945712155309,-0.7053228425767193,0.8313073542747849,-0.6564420423395254,-0.5077973146584166,-0.006219182341321825,-1.6475568227606907,0.7005910654622266,-0.11203524489770927
-0.5697546321020243,-0.5926574454145281,1.583622542766602,0.0,0.5743159426492987,-0.5666531655359206,0.8921079475312941,-0.873492559271091,-0.624359880068644,0.19864098226394053,1.3040629183837877,-0.18394737158914595,0.639329706200727
-0.653585278677716,1.9693354490755997,-1.3745193773457314,0.0,-1.297089410794327,1.2691442634701056,-1.1429236738189208,1.6743113662400422,-0.8574850108890988,-0.45209130530571634,-2.3286998399478787,-1.439928995729706,-0.544855739541866
-0.46621324323958463,1.0470180070591537,-1.0187291120401243,0.0,0.7699628659638598,1.6252732067794289,1.1245808041002994,-0.9079745464698434,-0.5077973146584166,-0.8437357376393062,-2.3286998399478787,0.0804698124404467,-0.661988678686489
-0.49301061855992506,-0.5926574454145281,-0.6948873603537962,0.0,-0.42093144986390224,2.2516504411398555,0.16965383942453924,0.01908059484322463,-0.15810961842773427,-0.5846478824032391,-0.4214993918237538,0.21792477715424255,-1.4219243326491664
-0.6157129509182507,-0.5926574454145281,-0.1415971926744644,0.0,-0.08067593105596998,-0.5887142505196844,0.702553156790413,-0.6368402487867078,-0.39123474924818913,0.168514487469049,-0.23986125390716953,-1.933088029435689,0.4764863517801535
-0.6468024018821686,-0.5926574454145281,2.12965168462337,0.0,0.20854125993077152,-0.6801101740238468,0.04089964194016732,-0.7348015236224441,-0.8574850108890988,-1.3016584585216573,0.35046269432172644,0.3879072526018346,0.27793173542524335
-0.645754442860913,1.9693354490755997,-1.3498318895490158,0.0,-1.2375446950029392,-0.6580490890400831,-1.7902711667264586,2.872262340594485,-0.624359880068644,0.04198320933050461,-0.012813581511440434,0.5547419044300297,-0.661988678686489
-0.5719750902021341,-0.5926574454145281,-0.6948873603537962,0.0,-0.4464506137744972,2.2516504411398555,0.3484791137083894,-0.43114064880300246,-0.15810961842773427,-0.5846478824032391,-0.4214993918237538,0.17280597194284328,-1.1833731029277996
2.0872008023833306,-0.5926574454145281,1.0332367854162956,0.0,0.8720395216062394,-2.4000869068651163,1.1245808041002994,-1.249694378114464,1.7068914281359044,1.5784344438699722,0.8499675735923296,-0.6052310993188311,1.5592518136292315
-0.649074498542746,-0.5926574454145281,-0.841560081969577,0.0,-0.35288034610231583,-0.5256825791375033,-0.35966897245565715,0.48351433113845327,-0.5077973146584166,-1.0847476959984383,0.8499675735923296,0.7945011367743217,-0.4477211070804711
-0.5890401156555088,-0.5926574454145281,1.583622542766602,0.0,0.5743159426492987,-0.9590253198899992,0.9815205846732191,-0.9586721293083963,-0.624359880068644,0.19864098226394053,1.3040629183837877,0.5431998844922316,0.6807547700445576
-0.6644293763759268,1.9693354490755997,-1.2685084003363056,0.0,-1.4246852303473017,0.23857643637144377,-1.3110194316457402,1.6735005864580519,-0.9740475762993263,-0.6268249751160871,-1.375099615885815,0.680130211936128,-0.599136857682057
2.0872008023833306,-0.5926574454145281,1.0332367854162956,0.0,1.0421672810102056,0.2086363924649075,1.1245808041002994,-0.9365426105529038,1.7068914281359044,1.5784344438699722,0.8499675735923296,-1.975255750003905,2.3748970362094735
-0.6279148390005231,-0.5926574454145281,-0.3521669415288032,0.0,-0.31034840625132426,-0.27513168539333344,0.5952579922201029,-0.7993300556831798,-0.5077973146584166,-0.12069986256190961,1.16783431494635,0.31131021119643815,0.23793512205878678
2.0872008023833306,-0.5926574454145281,1.0332367854162956,0.0,0.9485970133380243,-2.4000869068651163,1.1245808041002994,-1.2692961716672817,1.7068914281359044,1.5784344438699722,0.8499675735923296,0.7945011367743217,2.790933237744493
1.618313940345042,-0.5926574454145281,1.0332367854162956,0.0,1.3313844719969472,0.18184793212747996,1.0637802108437902,-0.7694742825346057,1.7068914281359044,1.5784344438699722,0.8499675735923296,-1.975255750003905,0.9835862712477295
-0.5675736623128603,-0.5926574454145281,1.583622542766602,0.0,0.5743159426492987,-0.7557481796824643,0.9600615517591573,-0.6335971296587476,-0.624359880068644,0.19864098226394053,1.3040629183837877,0.3637739381864365,0.37220946693189133
2.0872008023833306,-0.5926574454145281,1.0332367854162956,0.0,0.6338606584406868,-2.4000869068651163,1.1245808041002994,-1.0911153913428848,1.7068914281359044,1.5784344438699722,0.8499675735923296,-1.975255750003905,0.1293728857784043
-0.6304906918991457,-0.5926574454145281,-0.5917807936733958,0.0,-0.9228083401056019,-0.36652760889749586,-1.0213224873059028,0.9168999710762995,-0.7409224454788714,-1.0305200053676336,-0.1944517194280247,0.4004985470794347,-0.4105813946687611
-0.6133892156972055,-0.5926574454145281,-0.18806775793887026,0.0,0.24256681181156475,-0.9952685309347529,-1.4218911017017273,-0.47683047416455815,-0.39123474924818913,-0.07852276984906148,0.3958722288008713,0.60510708234043,0.7393212396168692
-0.6568719211733642,1.9693354490755997,-1.105861421910885,0.0,-1.3481277386155168,-0.01827762451094484,-1.8153067051261977,1.3416531909823692,-0.624359880068644,-0.4038889136338899,-1.0118233400526482,0.7945011367743217,-1.1076652276270065
-0.6631991636118441,1.9693354490755997,-1.4195377374456244,0.0,-1.3226085747049219,2.2516504411398555,-1.5649513211288075,0.9951640665025131,-0.9740475762993263,-1.2414054689318743,-2.1470617020312943,0.7221011935281242,-1.3233612497103981
-0.6503381244930138,-0.5926574454145281,-0.9432144434854648,0.0,-0.9143019521354036,0.5174915822375947,-0.4455051041119052,0.3049043144588857,-0.7409224454788714,-0.9461658199419374,0.07800548744685089,0.5531679926203311,-0.8419734388355442
-0.6365020278500586,1.8668557332959945,-0.8793174162469068,0.0,-1.092936099509568,0.08887621683876251,-0.5599532796535694,1.5438712071963523,-0.39123474924818913,-0.6268249751160871,-0.7847756676569191,-0.47249787003413674,-0.17203016494739432
-0.6507421202896136,-0.5926574454145281,-1.2380120918815392,0.0,-0.58255282129767,2.2516504411398555,-0.5349177412538303,-0.28577260318502584,-0.7409224454788714,-1.2715319637267657,-0.23986125390716953,0.5704810225270298,-1.1390911381292226
2.0872008023833306,-0.5926574454145281,1.0332367854162956,0.0,1.0421672810102056,-0.6391395876254294,0.9600615517591573,-0.9008206072169903,1.7068914281359044,1.5784344438699722,0.8499675735923296,-1.975255750003905,1.7092391137534442
-0.23489983040584636,-0.5926574454145281,1.248163149764172,0.0,2.6753937712882787,0.3283965680910511,1.1245808041002994,-0.9693553452593237,-0.5077973146584166,-0.006219182341321825,-1.6475568227606907,-0.9152917258297225,-0.7191266977814272
-0.63927228474103,0.43213971238152293,-0.4523690978801783,0.0,-0.27632285437053106,-0.6501701301173106,-1.0570875421626729,0.7881290645249419,-0.5077973146584166,-0.5605466865673259,-1.4205091503649614,0.4587332840383336,0.4693440993932864
-0.6482665069495461,-0.5926574454145281,-0.7297402843021006,0.0,-0.4889825536254887,-0.5808352915969119,-0.012747940344987732,-0.20893929560938254,-0.5077973146584166,-0.7533562532546316,0.3958722288008713,0.7945011367743217,-0.3920115384629063
-0.432958010298405,-0.5926574454145281,-0.41315955843833585,0.0,-0.15723342278775473,0.3047596913227337,0.9242964969023872,0.3130121122787857,-0.624359880068644,-0.5846478824032391,1.2132438494254965,0.32442614294393773,0.053665010477611366
-0.3009971878044642,-0.5926574454145281,1.248163149764172,0.0,0.4126945712155309,-0.6722312151010743,0.9314495078737409,-0.6545820181337837,-0.5077973146584166,-0.006219182341321825,-1.6475568227606907,-1.975255750003905,0.2865024382894842
0.3410311096148399,-0.5926574454145281,1.248163149764172,0.0,2.6753937712882787,-1.4160049374108126,1.1245808041002994,-1.181255025928835,-0.5077973146584166,-0.006219182341321825,-1.6475568227606907,0.7945011367743217,2.056352579755193
2.0872008023833306,-0.5926574454145281,1.0332367854162956,0.0,1.161256712592981,0.16136263892827124,1.1245808041002994,-1.0298776713384616,1.7068914281359044,1.5784344438699722,0.8499675735923296,-0.29621974734774165,1.1264313189850748
-0.6589526514039734,1.9693354490755997,-1.4137289167875737,0.0,-1.0844297115393697,1.0044112436649444,-1.218030289018138,2.3816451866338126,-0.9740475762993263,-0.41593951155184655,0.6229199011966003,0.42463186149483584,-0.9333942693874453
-0.5439140889315259,-0.5926574454145281,-0.6948873603537962,0.0,-0.42093144986390224,-0.216827389364816,0.8134248268463998,-0.35788431085378586,-0.15810961842773427,-0.5846478824032391,-0.4214993918237538,0.7074113499709261,1.2907031238830222
-0.630688133453875,-0.5926574454145281,-1.175567269807494,0.0,-0.9483275040161968,0.5096126233148223,-0.3847045108553963,-0.1446015352620562,-0.8574850108890988,-0.7714321501315665,-0.14904218494887822,-1.247387117676411,-0.8248320331070627
-0.6545846367008845,1.1290017796828378,-0.7762108495665064,0.0,-0.9993658318373867,-0.2940411868079871,-0.198726225600192,1.4385652213943536,-0.624359880068644,-0.9702670157778506,-0.6939565986986277,0.6407824166936292,-0.42772280039724264
-0.6333460005367698,1.8668557332959945,-0.8793174162469068,0.0,-1.092936099509568,0.9382279887136544,-0.5098822028540915,1.2103068662999845,-0.39123474924818913,-0.6268249751160871,-0.7847756676569191,0.49808107928083234,-0.14917495730941904
2.0872008023833306,-0.5926574454145281,1.0332367854162956,0.0,0.9741161772486192,0.547431626144131,0.88495493655994,-1.1701425736227364,1.7068914281359044,1.5784344438699722,0.8499675735923296,-0.9829699336468215,1.5449673088554967
2.0872008023833306,-0.5926574454145281,1.0332367854162956,0.0,1.2208014283843691,-1.2064246300650603,1.1245808041002994,-1.0578257273529414,1.7068914281359044,1.5784344438699722,0.8499675735923296,0.7945011367743217,1.5963915260409414
-0.6475830554139446,-0.5926574454145281,-1.007111470724023,0.0,-0.39541228595330735,0.879923692685137,0.20899539976698658,-0.4211728267773605,-0.5077973146584166,-0.6509261709520004,-0.7847756676569191,0.49913035382063137,-0.7862638702179795
-0.6290478497684314,-0.5926574454145281,-0.5917807936733958,0.0,-0.9228083401056019,0.7381024320752283,-2.348206022492071,0.9168999710762995,-0.7409224454788714,-1.0305200053676336,-0.1944517194280247,0.1916929136592434,-1.083381569511658
2.0872008023833306,-0.5926574454145281,1.0332367854162956,0.0,1.5610569471923015,-0.7620513468206831,0.8527663871888472,-0.9215193381219121,1.7068914281359044,1.5784344438699722,0.8499675735923296,0.5085738246788314,1.3835524049122965
0.9400384110398139,-0.5926574454145281,1.0332367854162956,0.0,1.2208014283843691,-0.39489186101947704,0.49869234410682367,-0.7776774662112107,1.7068914281359044,1.5784344438699722,0.8499675735923296,-0.17712708708044642,0.9050214949921899
-0.597988774428318,-0.5926574454145281,-0.05736929313272884,0.0,-0.5740464333274717,0.03845087973301755,-0.5742593015962774,0.2654145697831358,-0.624359880068644,-0.7654068511725882,0.12341502192599735,0.6879997709846265,-0.20774142688173067
-0.649141324915116,1.0470180070591537,-1.111670242568936,0.0,-0.9661909187536132,2.116920243560441,-0.6744014551952334,0.6741429657628145,-0.5077973146584166,-1.1329500876702647,-1.5567377538023985,-0.24585456943734435,-1.3447880068709999
-0.653120531633507,1.9693354490755997,-1.0666518824690427,0.0,-1.3991660664367067,-0.3050717292998697,-1.307442926160063,2.585866305838595,-0.9740475762993263,-0.5364454907314127,-0.875594736615212,0.5841215915444289,-0.8362596369260503
2.0872008023833306,-0.5926574454145281,1.0332367854162956,0.0,1.0421672810102056,0.7570119334898833,0.7955422994180149,-0.9437919356624618,1.7068914281359044,1.5784344438699722,0.8499675735923296,-1.975255750003905,1.9092221805857275
-0.6467841765078859,-0.5926574454145281,-1.2786738364878945,0.0,-0.8377444604036188,1.3321759348522866,-0.5134587083397683,1.0796759355428853,-0.7409224454788714,-1.096798293916395,0.1688245564051422,0.7945011367743217,-1.0133874961203586
-0.6630867738037673,1.9693354490755997,-1.0506776256594033,0.0,-1.38215329049631,1.8159440127105262,-1.228759805475169,1.2103068662999845,-0.7409224454788714,-0.9642417168188723,-1.1026424090109403,0.24048417975993922,-1.3305035020972655
1.8376502447126613,-0.5926574454145281,1.0332367854162956,0.0,1.3313844719969472,1.7198207138527,1.0995452657005602,-0.6418003133353526,1.7068914281359044,1.5784344438699722,0.8499675735923296,-0.30881104182534175,0.6164744985627518
-0.622602142397114,-0.5926574454145281,-0.3521669415288032,0.0,-0.31034840625132426,0.6703433853393846,0.4057032014792218,-0.4867506032618479,-0.5077973146584166,-0.12069986256190961,1.16783431494635,0.6822287610157259,-0.4291512508746161
-0.5516811359383397,-0.5926574454145281,-0.6948873603537962,0.0,-0.4464506137744972,2.2516504411398555,0.6417525635339039,-0.27790327000688725,-0.15810961842773427,-0.5846478824032391,-0.4214993918237538,0.29504645582953853,-1.3276466011425185
2.0872008023833306,-0.5926574454145281,1.0332367854162956,0.0,0.23406042384136644,0.8373773145021646,0.92071999141671,-0.815641037179685,1.7068914281359044,1.5784344438699722,0.8499675735923296,-1.975255750003905,1.0378673893879211
-0.6250747181748012,-0.5926574454145281,-0.05736929313272884,0.0,-0.5740464333274717,0.11566467717619006,-1.2967134097030322,0.0701120281802439,-0.624359880068644,-0.7654068511725882,0.12341502192599735,0.21267840445524153,-0.4348650527841098
2.0872008023833306,-0.5926574454145281,1.0332367854162956,0.0,0.23406042384136644,-0.7321113029141468,-0.316750906627533,-0.8588508302669182,1.7068914281359044,1.5784344438699722,0.8499675735923296,-1.975255750003905,0.4664871984385393
0.03510301446769864,-0.5926574454145281,1.248163149764172,0.0,0.4126945712155309,-0.6643522561783018,1.02801515598702,-0.6723237874808595,-0.5077973146584166,-0.006219182341321825,-1.6475568227606907,-1.7641548285278958,-0.05632567628014476
-0.6428900215361475,-0.5926574454145281,-1.175567269807494,0.0,-0.9483275040161968,2.2516504411398555,-1.1321941573618899,-0.1446015352620562,-0.8574850108890988,-0.7714321501315665,-0.14904218494887822,0.6176983768180271,-1.2647947801380863
-0.6567777567395702,1.9693354490755997,-0.8764130059178814,0.0,-1.2375446950029392,0.5174915822375947,-1.6150223979282854,0.628739297971373,-0.624359880068644,-0.958216417859894,0.3958722288008713,0.7945011367743217,-1.103379876194886
-0.6076087344872069,-0.5926574454145281,-0.05736929313272884,0.0,-0.5740464333274717,-0.1884631372428334,-0.9354863556496548,0.0701120281802439,-0.624359880068644,-0.7654068511725882,0.12341502192599735,0.6229447495170282,-0.4220089984877487
-0.615600561110174,1.456936870177574,-0.8502733129566532,0.0,-0.8802764002546104,-0.5288341627066119,0.8885314420456173,1.440377552671743,-0.15810961842773427,-0.72322975845974,0.6229199011966003,-0.19286620517744651,0.2879308887668576
-0.5981163520482969,-0.5926574454145281,-0.5917807936733958,0.0,-0.9228083401056019,-0.42798348849512197,0.6059875086771338,0.9018766986453076,-0.7409224454788714,-1.0305200053676336,-0.1944517194280247,0.5762520324959303,0.9107352969016835
-0.2461479239006571,-0.5926574454145281,-0.41315955843833585,0.0,-0.15723342278775473,-0.5540468312594844,0.48080981667843864,0.09138307422539424,-0.624359880068644,-0.5846478824032391,1.2132438494254965,-1.975255750003905,2.183484672241431
-0.49208416203388744,1.0470180070591537,-1.0187291120401243,0.0,0.1575029321095817,2.2516504411398555,-0.055666006173111876,-0.6566328140529348,-0.5077973146584166,-0.8437357376393062,-2.3286998399478787,0.14604947117794462,-0.7119844453945599
-0.5945441786888863,-0.5926574454145281,-0.5235271509412998,0.0,-0.5400208814466786,-0.34446652391373206,-0.8889917843358536,0.7714365396016177,-0.5077973146584166,-0.7051538615828051,0.5775103667174556,0.7945011367743217,0.052236560000237686
-0.6623577588324591,1.9693354490755997,-1.3817804031682948,0.0,-1.3055957987645253,1.3132664334376316,-1.9547904190676009,1.8385658114855514,-0.7409224454788714,-0.01224448130030013,-0.6031375297403364,0.13345817670034454,-1.1390911381292226
0.9850216723319154,-0.5926574454145281,1.0332367854162956,0.0,1.3313844719969472,0.5568863768514585,1.0602037053581133,-0.6883009184788983,1.7068914281359044,1.5784344438699722,0.8499675735923296,-1.3885145432795065,0.757891095822724
-0.3774374451085183,-0.5926574454145281,-0.41315955843833585,0.0,-0.15723342278775473,-0.40119502815769587,0.7240121897044748,0.3123921042102053,-0.624359880068644,-0.5846478824032391,1.2132438494254965,-1.975255750003905,0.6936108243409187
1.9581412316580185,-0.5926574454145281,1.0332367854162956,0.0,1.161256712592981,-0.1711294276127348,0.8599193981602008,-0.9572890343861781,1.7068914281359044,1.5784344438699722,0.8499675735923296,0.7945011367743217,0.39220777361511977
-0.5046414449146727,-0.5926574454145281,-0.6948873603537962,0.0,-0.4464506137744972,-0.5051972859382945,-0.01632444583066504,-0.06051890257685516,-0.15810961842773427,-0.5846478824032391,-0.4214993918237538,-0.17870099889014493,-0.11060679442033586
-0.5036967630143523,1.0470180070591537,-1.0187291120401243,0.0,0.7699628659638598,1.4204202747873405,0.4736568057070845,-0.8042424273034723,-0.5077973146584166,-0.8437357376393062,-2.3286998399478787,0.5793998561153303,-0.40486759275926737
-0.6538161334186303,1.9693354490755997,-0.8226814148309122,0.0,-1.2885830228241286,0.02111717010291894,-0.8210381801079906,1.6782221863649351,-0.39123474924818913,-0.6690020678289353,-0.7847756676569191,0.7945011367743217,-0.6891292377565847
-0.11073946810490415,-0.5926574454145281,1.248163149764172,0.0,0.4126945712155309,2.2516504411398555,1.0602037053581133,-0.8382951781470533,-0.5077973146584166,-0.006219182341321825,-1.6475568227606907,0.4120405670172358,-1.5004891089047063
2.0872008023833306,-0.5926574454145281,1.0332367854162956,0.0,1.0421672810102056,0.12354363609896253,0.9672145627305109,-0.8728725512025105,1.7068914281359044,1.5784344438699722,0.8499675735923296,-1.975255750003905,1.6649571489548667
-0.5918802364812307,-0.5926574454145281,1.583622542766602,0.0,0.5743159426492987,-0.7005954672230555,1.0602037053581133,-1.0157605645461647,-0.624359880068644,0.19864098226394053,1.3040629183837877,0.539527423602932,1.270704817199794
-0.6342633443756661,1.456936870177574,-0.8502733129566532,0.0,-0.8802764002546104,0.2433038117251075,-0.027053962287695948,1.6344877710658263,-0.15810961842773427,-0.72322975845974,0.6229199011966003,0.7945011367743217,-0.8134044292880751
-0.498329390288095,-0.5926574454145281,1.583622542766602,0.0,0.5743159426492987,0.05263300579400884,1.0602037053581133,-0.8049101283004052,-0.624359880068644,0.19864098226394053,1.3040629183837877,0.6775070255866275,0.6479004090649682
-0.5689071521978784,-0.5926574454145281,1.583622542766602,0.0,0.5743159426492987,0.20390901711124373,1.081662738272175,-0.9471304406471265,-0.624359880068644,0.19864098226394053,1.3040629183837877,0.7945011367743217,0.4236336841173359
1.0731170564897607,-0.5926574454145281,1.0332367854162956,0.0,-0.2082717506089446,1.1966578413805966,0.3019845423945885,-0.18494975264814817,1.7068914281359044,1.5784344438699722,0.8499675735923296,0.7095098990505242,-0.7734078159216184
-0.6035930770202504,0.43213971238152293,-0.4523690978801783,0.0,-0.27632285437053106,-1.056724410532379,1.1245808041002994,1.0891668282850038,-0.5077973146584166,-0.5605466865673259,-1.4205091503649614,0.2556986605870398,2.5006006782183374
-0.5755776391853492,-0.5926574454145281,-0.5235271509412998,0.0,-0.5400208814466786,0.016389794749255174,-1.4183145962160502,0.7714365396016177,-0.5077973146584166,-0.7051538615828051,0.5775103667174556,0.7945011367743217,-0.8962545569757354
2.0872008023833306,-0.5926574454145281,1.0332367854162956,0.0,0.2000348719605732,-0.9275094841989079,-0.42404607119784316,-0.4648595491481171,1.7068914281359044,1.5784344438699722,0.8499675735923296,0.7945011367743217,0.3336413040428082
-0.661832260540641,0.8420585754999433,-1.394850249648909,0.0,-1.1941621163549276,1.2644168881164417,-0.32390391759888715,2.5871063219757557,-0.7409224454788714,-1.1329500876702647,0.12341502192599735,0.6024838959909294,-0.6248489662747791
-0.6543416317104485,1.9693354490755997,-1.2699606055008184,0.0,-1.3311149626751202,0.897257402315237,-0.7566610813658046,1.9217422785320575,-0.5077973146584166,-0.27735763549534553,-1.6021472882815442,0.4776202257547337,-0.907682160794723
-0.4739742151216374,-0.5926574454145281,-0.41315955843833585,0.0,-0.15723342278775473,-0.32398123071452334,0.5702224538203637,0.3164460031201553,-0.624359880068644,-0.5846478824032391,1.2132438494254965,-0.09108657481684987,-0.309161410775246
0.07543576775532959,-0.5926574454145281,1.248163149764172,0.0,2.6753937712882787,-1.6224336611874548,0.9099904749596791,-0.9834247591232684,-0.5077973146584166,-0.006219182341321825,-1.6475568227606907,-1.975255750003905,0.5307674699203448
-0.6575553727089658,1.9693354490755997,-1.166854038820418,0.0,-1.092936099509568,1.1383535453520792,-1.8868368148397379,0.7643779862054692,-0.7409224454788714,-0.9160393251470458,-0.012813581511440434,0.7273475662271253,-1.4919184060404656
2.0872008023833306,-0.5926574454145281,1.0332367854162956,0.0,0.9741161772486192,-0.12385567407609854,1.1245808041002994,-1.1504930871415664,1.7068914281359044,1.5784344438699722,0.8499675735923296,0.6287157594859286,1.3364135391589729
0.29320468993463605,-0.5926574454145281,1.0332367854162956,0.0,0.8380139697254463,-0.8550230621093992,-0.7280490374803884,-0.34906111910860027,1.7068914281359044,1.5784344438699722,0.8499675735923296,-1.975255750003905,0.24364892396828072
2.0872008023833306,-0.5926574454145281,1.0332367854162956,0.0,0.8720395216062394,-1.092967621577134,1.1245808041002994,-1.1986152518490922,1.7068914281359044,1.5784344438699722,0.8499675735923296,-1.975255750003905,-0.04204117150641002
-0.653907260290044,-0.5926574454145281,0.42185841115645634,0.0,-0.05515676714537506,-0.6517459219018656,-0.44908160959758225,-0.32731314377992665,-0.5077973146584166,-0.7714321501315665,-0.875594736615212,0.5793998561153303,0.15508499437112644
-0.6038543073849693,1.0470180070591537,-1.111670242568936,0.0,-0.9661909187536132,0.8042856870265196,-1.300289915188709,0.14417914591145053,-0.5077973146584166,-1.1329500876702647,-1.5567377538023985,0.7945011367743217,-1.0819531190342844
2.0872008023833306,-0.5926574454145281,1.0332367854162956,0.0,1.5610569471923015,-1.0630275776705977,0.9064139694740023,-0.9448888730145659,1.7068914281359044,1.5784344438699722,0.8499675735923296,0.7945011367743217,1.4935430916700525
-0.6344698986175368,-0.5926574454145281,0.13722619891197052,0.0,0.14049015616918506,0.775921434904537,0.7418947171328598,-0.6722284016241548,-0.9740475762993263,-0.7895080470085014,1.2132438494254965,0.6135012786588281,-0.8491156912224114
-0.6585213175459493,-0.5926574454145281,-0.841560081969577,0.0,-0.35288034610231583,-0.6407153794099845,-0.3203274121132101,0.866393159951156,-0.5077973146584166,-1.0847476959984383,0.8499675735923296,0.6848519473652265,-0.2663078964540423
-0.5096291223433734,-0.5926574454145281,-0.6948873603537962,0.0,-0.42093144986390224,0.5190673740221498,0.28410201496620346,0.1667379010221142,-0.15810961842773427,-0.5846478824032391,-0.4214993918237538,0.3511826437088364,-0.41200984514613476
-0.5912150103199119,-0.5926574454145281,-0.05736929313272884,0.0,-0.5740464333274717,-0.8172040592800904,0.14819480651047742,0.2654145697831358,-0.624359880068644,-0.7654068511725882,0.12341502192599735,0.4025970961590357,0.8050299615760477
-0.601785727403882,-0.5926574454145281,-0.05736929313272884,0.0,-0.5740464333274717,-0.7793850564507817,-0.5277647302824764,-0.06953286603545014,-0.624359880068644,-0.7654068511725882,0.12341502192599735,0.4818173239139327,0.515054514669237
-0.6284767880409066,-0.5926574454145281,0.4262150266499943,0.0,-1.0163786077777832,0.5931295878962122,-1.339631475531156,1.0311245344801885,-0.624359880068644,-0.6931032636648485,-1.0572328745317947,0.7945011367743217,-0.8791131512472541
1.3537149189463193,-0.5926574454145281,1.0332367854162956,0.0,1.3313844719969472,0.02426875367202765,0.5165748715352086,-0.5074493341667698,1.7068914281359044,1.5784344438699722,0.8499675735923296,0.7945011367743217,0.22365061728505228
-0.6027273717418218,1.2109855523065218,-0.7442623359472273,0.0,-1.067416935598973,0.21493955960312494,-2.133615693351451,1.7161380644050572,-0.2746721838379617,-0.44606600634673804,0.35046269432172644,-0.24585456943734435,-1.2619378791833396
-0.5828374132746275,-0.5926574454145281,-0.18806775793887026,0.0,0.24256681181156475,-0.5918658340887931,-0.9283333446783006,-0.6756622924655243,-0.39123474924818913,-0.07852276984906148,0.3958722288008713,0.7945011367743217,0.16651259819011408
1.7134838072869578,-0.5926574454145281,1.0332367854162956,0.0,0.8380139697254463,-0.14591675905986232,-0.11289009394394373,-0.3982325282398778,1.7068914281359044,1.5784344438699722,0.8499675735923296,0.7945011367743217,0.11365993052729641
-0.6373829209403894,1.9693354490755997,-0.7108616171634358,0.0,-1.0504041596585765,1.0721702904007893,-1.8188832106118744,0.8075877792927025,-0.2746721838379617,-0.45209130530571634,-1.0118233400526482,0.45506082314903407,-1.080524668556911
-0.6488922447999189,1.9693354490755997,-1.4137289167875737,0.0,-1.0844297115393697,0.2968807323999612,-0.8639562459361148,2.3816451866338126,-0.9740475762993263,-0.41593951155184655,0.6229199011966003,0.7945011367743217,-0.9205382150910841
-0.6402230417661112,1.0470180070591537,-0.5845197678508324,0.0,-0.786706132582429,-0.6013205847961207,-0.2523738078853471,0.056805701169937065,-0.7409224454788714,-1.0907729949574165,0.12341502192599735,0.5028028147099308,0.17508330105435488
-0.657294142344247,1.9693354490755997,-1.3004569139555846,0.0,-1.2035191431221461,-0.2199789729339247,-1.078546575076735,1.178781840659078,-0.8574850108890988,-0.33761062508512857,-1.6475568227606907,0.6302896712956272,-0.7134128958719334
-0.22325381623919652,-0.5926574454145281,1.248163149764172,0.0,0.4126945712155309,1.8710967251699349,0.7955422994180149,-0.8715848421369968,-0.5077973146584166,-0.006219182341321825,-1.6475568227606907,-0.3843588086909392,-1.5276296679748018
-0.6193519506500312,-0.5926574454145281,-0.5917807936733958,0.0,-0.9228083401056019,-0.1427651754907522,-2.219451825007699,0.9168999710762995,-0.7409224454788714,-1.0305200053676336,-0.1944517194280247,0.6664896429187259,-0.7119844453945599
-0.6464561197707972,-0.5926574454145281,0.42185841115645634,0.0,-0.05515676714537506,0.5364010836522498,0.5916814867344256,-0.17994199517115098,-0.5077973146584166,-0.7714321501315665,-0.875594736615212,0.5783505815755283,-0.3905830879855329
2.0872008023833306,-0.5926574454145281,1.0332367854162956,0.0,1.161256712592981,0.06523934007044509,1.1245808041002994,-1.0608303818391398,1.7068914281359044,1.5784344438699722,0.8499675735923296,0.7945011367743217,1.1278597694624484
-0.64021392907897,1.9693354490755997,-1.0956959857592965,0.0,-1.0163786077777832,1.023320745079598,-1.6829760021561484,1.278841604342318,-0.5077973146584166,-0.036345677136213346,-1.4205091503649614,-0.21385169597344464,-1.046241857099948
-0.5616261151719368,-0.5926574454145281,-0.15757144948410381,0.0,-0.1061950949665649,-0.5193794119992844,0.2912550259375576,-0.3318916649017526,-0.624359880068644,-0.602723779280174,0.032595952967704414,0.7598750769609245,-0.35058647461907605
-0.46829701103257415,1.0470180070591537,-1.0187291120401243,0.0,0.7699628659638598,0.8515594405631545,1.1245808041002994,-0.8526030566527598,-0.5077973146584166,-0.8437357376393062,-2.3286998399478787,0.5337564136340316,-0.7891207711727264
-0.6274743924553576,-0.5926574454145281,-0.3521669415288032,0.0,-0.31034840625132426,-0.710050217930383,1.0065561230729583,-0.8067224595777946,-0.5077973146584166,-0.12069986256190961,1.16783431494635,0.6449795148528282,0.5779063356736686
-0.652628446527874,1.1290017796828378,-0.7762108495665064,0.0,-0.9993658318373867,-0.47840882560086695,-1.6865525076418255,1.4385652213943536,-0.624359880068644,-0.9702670157778506,-0.6939565986986277,0.7945011367743217,-0.570567848134588
1.808383331177014,-0.5926574454145281,1.0332367854162956,0.0,1.2208014283843691,-1.4364902306100213,1.0852392437578524,-0.9873832721765138,1.7068914281359044,1.5784344438699722,0.8499675735923296,0.7945011367743217,1.2035676447632417
-0.6594629618838891,-0.5926574454145281,-0.5685455110411929,0.0,-0.7441741927314379,0.18815109926569878,0.3699381466224517,0.5573906771562507,-0.8574850108890988,-0.9762923147368289,-0.23986125390716953,0.7945011367743217,-0.4691478642410727
1.2422819430194678,-0.5926574454145281,1.0332367854162956,0.0,1.5610569471923015,0.062087756501336376,0.9958266066159274,-0.8233672915727664,1.7068914281359044,1.5784344438699722,0.8499675735923296,-1.975255750003905,0.7664617986869645
-0.6219338786734147,-0.5926574454145281,2.4331625640065204,0.0,0.44672012309632414,-1.3356395563985315,0.8634959036458781,-0.9431242346655287,-0.624359880068644,1.849572897023996,0.8045580391131847,0.6995417909224246,0.8050299615760477
-0.6010020363097256,-0.5926574454145281,-0.5917807936733958,0.0,-0.9228083401056019,-1.1024223722844602,-0.23449128045696205,1.091837632272736,-0.7409224454788714,-1.0305200053676336,-0.1944517194280247,0.7945011367743217,0.5393381727845854
2.0872008023833306,-0.5926574454145281,1.0332367854162956,0.0,1.3739164118479386,0.8231951884411732,0.28410201496620346,-0.9559536323923121,1.7068914281359044,1.5784344438699722,0.8499675735923296,-1.975255750003905,1.473544784986824
-0.6552650506741056,1.456936870177574,-0.8894828523984956,0.0,-1.1099488754499647,0.6703433853393846,-1.253795343874908,0.7641872144920598,-0.624359880068644,-0.741305655336675,0.30505315984257997,0.7945011367743217,-1.0191012980298524
-0.6263201187507862,-0.5926574454145281,-0.05736929313272884,0.0,-0.5740464333274717,-0.6470185465482019,-1.6543639582707326,0.0701120281802439,-0.624359880068644,-0.7654068511725882,0.12341502192599735,0.7945011367743217,-0.2220259316554654
-0.1778544089009731,-0.5926574454145281,-0.41315955843833585,0.0,-0.15723342278775473,-0.32398123071452334,1.0137091340443123,-0.018406046841726167,-0.624359880068644,-0.5846478824032391,1.2132438494254965,-1.975255750003905,1.1307166704171954
1.911778917045192,-0.5926574454145281,1.0332367854162956,0.0,0.23406042384136644,0.07311829899321756,0.6274465415911956,-0.8325720267447708,1.7068914281359044,1.5784344438699722,0.8499675735923296,-1.975255750003905,0.7450350415263629
-0.41708067173578667,1.0470180070591537,-1.0187291120401243,0.0,0.7699628659638598,1.6158184560721014,0.9278730023880641,-0.8201241724448062,-0.5077973146584166,-0.8437357376393062,-2.3286998399478787,0.6119273668491295,-0.16774481351527407
2.0872008023833306,-0.5926574454145281,1.0332367854162956,0.0,1.0421672810102056,-0.1569473015517435,0.36278513565109766,-0.9230932047575399,1.7068914281359044,1.5784344438699722,0.8499675735923296,-1.975255750003905,0.29935849258584524
0.45521307949600004,-0.5926574454145281,1.0332367854162956,0.0,1.3739164118479386,-2.1093533226148047,0.8170013323320772,-0.975841583515244,1.7068914281359044,1.5784344438699722,0.8499675735923296,-1.975255750003905,0.2250790677624257
-0.6558148494649673,-0.5926574454145281,-1.1000526012528344,0.0,-0.5740464333274717,0.16293843071282632,0.19111287233860158,-0.3368517294503976,-0.8574850108890988,-0.8075839438854363,-0.23986125390716953,0.618747651357829,-0.6034222091141775
-0.6510610643395611,-0.5926574454145281,-0.841560081969577,0.0,-0.35288034610231583,-0.49889411880007567,-0.8281911910793447,0.48351433113845327,-0.5077973146584166,-1.0847476959984383,0.8499675735923296,0.7945011367743217,-0.38344083559866554
2.0872008023833306,-0.5926574454145281,1.0332367854162956,0.0,0.48925206294731566,-0.114400923368771,0.6954001458190588,-0.8809803490224107,1.7068914281359044,1.5784344438699722,0.8499675735923296,0.08204372425014522,0.09794697527618824
-0.651477210385683,1.1290017796828378,-0.7762108495665064,0.0,-0.9993658318373867,0.32997235987560614,-1.6972820240988564,1.4385652213943536,-0.624359880068644,-0.9702670157778506,-0.6939565986986277,0.7945011367743217,-1.0205297485072258
-0.6583026130545567,-0.5926574454145281,-0.9577364951305917,0.0,-0.9738466679267918,-0.4531961570479945,-0.7173195210233575,2.0103557394107328,-0.7409224454788714,-0.3135094292492154,0.21423409088428866,0.203759570866941,-0.2705932478861628
-0.500671350883423,1.0470180070591537,-1.0187291120401243,0.0,0.7699628659638598,1.425147650141004,0.8241543433034307,-0.8910435569047576,-0.5077973146584166,-0.8437357376393062,-2.3286998399478787,0.32180295659443725,-0.617706713887912
-0.6355239327635532,1.8668557332959945,-0.8793174162469068,0.0,-1.092936099509568,-0.3255570224990784,-0.12361961040097515,1.2103068662999845,-0.39123474924818913,-0.6268249751160871,-0.7847756676569191,0.6748838392371269,-0.0034730086173268317
-0.4764650162736074,-0.5926574454145281,-0.41315955843833585,0.0,-0.15723342278775473,-0.5556226230440394,-0.24164429142831617,0.43357983515353793,-0.624359880068644,-0.5846478824032391,1.2132438494254965,0.7945011367743217,-0.5948515062499368
-0.5907381130261811,-0.5926574454145281,-0.15757144948410381,0.0,-0.1061950949665649,-0.9401158184753441,0.3270200807943276,0.0699212564668345,-0.624359880068644,-0.602723779280174,0.032595952967704414,0.7693185478191246,-0.1320335515809377
-0.6505659416715476,-0.5926574454145281,-1.1000526012528344,0.0,-0.5740464333274717,1.1115650850146517,0.6345995525625497,-0.17965583760103687,-0.8574850108890988,-0.8075839438854363,-0.23986125390716953,0.7945011367743217,-0.9891038380050099
2.0872008023833306,-0.5926574454145281,1.0332367854162956,0.0,1.2208014283843691,-2.051049026586287,0.7490477281042139,-1.0873953429314014,1.7068914281359044,1.5784344438699722,0.8499675735923296,0.7945011367743217,2.790933237744493
-0.6003611106474503,1.0470180070591537,-0.5845197678508324,0.0,-0.786706132582429,2.18940666564995,-0.5992948399960165,0.2709469494720092,-0.7409224454788714,-1.0907729949574165,0.12341502192599735,0.4728984903256322,-0.8348311864486769
-0.05715079258898425,-0.5926574454145281,1.248163149764172,0.0,0.4126945712155309,2.2516504411398555,0.9886735956445732,-0.835815145872731,-0.5077973146584166,-0.006219182341321825,-1.6475568227606907,-0.6534977281496304,-1.2462249239322316
-0.6476589944734558,-0.5926574454145281,-1.12474008904955,0.0,-0.8207316844632222,-0.6832617575929555,-1.5291862662720375,0.6754306748283281,-0.624359880068644,0.1564638895510924,-0.6485470642194828,0.03587564449894693,-0.35058647461907605
-0.5951243531035525,-0.5926574454145281,-0.18806775793887026,0.0,0.24256681181156475,-0.445317198125222,-0.11646659942962104,-0.6625944300969792,-0.39123474924818913,-0.07852276984906148,0.3958722288008713,0.7945011367743217,0.0708064162060927
-0.3712408178523979,-0.5926574454145281,1.583622542766602,0.0,0.5743159426492987,-0.8581746456785092,1.0673567163294675,-0.6926886678873149,-0.624359880068644,0.19864098226394053,1.3040629183837877,-1.975255750003905,0.6978961757730386
-0.644967714204376,1.9693354490755997,-1.2786738364878945,0.0,-0.718655028820843,1.7623670920356724,0.1195827626250615,-0.33346553153738023,-0.2746721838379617,-1.096798293916395,0.032595952967704414,0.7945011367743217,-0.850544141699785
1.0611460231484027,-0.5926574454145281,1.0332367854162956,0.0,0.22555403587116812,-0.29561697859254216,0.40212669599354445,-0.12042122058741246,1.7068914281359044,1.5784344438699722,0.8499675735923296,0.5731042088765304,0.3650672145450242
-0.5233315662415887,-0.5926574454145281,-0.15757144948410381,0.0,-0.1061950949665649,-0.2971927703770958,-0.34893945599862625,0.09705853269932434,-0.624359880068644,-0.602723779280174,0.032595952967704414,0.759350439691025,0.043665857135997146
-0.6290083614574855,1.8668557332959945,-0.8793174162469068,0.0,-1.092936099509568,0.14402892929817124,-2.172957253693898,1.5438712071963523,-0.39123474924818913,-0.6268249751160871,-0.7847756676569191,-0.3696689651337411,-1.033385802803587
-0.6636274599074877,1.9693354490755997,-1.0143724965465863,0.0,-1.2460510829731375,-0.6517459219018656,-0.7495080703944506,1.679414509573744,-0.7409224454788714,0.39145054895124626,1.2586533839046428,0.7945011367743217,0.3393551059523021
0.6148187572144271,-0.5926574454145281,1.0332367854162956,0.0,1.8162485862982507,-0.7856882235890005,0.7311652006758289,-0.9031575607062556,1.7068914281359044,1.5784344438699722,0.8499675735923296,-1.5065579290070028,0.31649989831432684
-0.6408062537431579,1.1290017796828378,-0.7762108495665064,0.0,-0.9993658318373867,-0.5335615380602757,-0.8174616746223136,1.4385652213943536,-0.624359880068644,-0.9702670157778506,-0.6939565986986277,0.7241997426077252,0.14651429150688566
0.4540466555419067,-0.5926574454145281,1.0332367854162956,0.0,1.3313844719969472,0.11724046896074511,0.7097061677617671,-0.587239603300259,1.7068914281359044,1.5784344438699722,0.8499675735923296,0.5075245501390324,0.31792834879170023
-0.6421002553172301,-0.5926574454145281,-1.007111470724023,0.0,-0.39541228595330735,-0.6974438836539468,0.005134587083397286,-0.5229495358812849,-0.5077973146584166,-0.6509261709520004,-0.7847756676569191,0.60195925872103,-0.39772534037240004
2.0872008023833306,-0.5926574454145281,1.0332367854162956,0.0,1.5610569471923015,0.2480311870787699,0.938602518845095,-0.8634770443170966,1.7068914281359044,1.5784344438699722,0.8499675735923296,-1.975255750003905,1.6506726441811326
-0.6423341476205249,1.9693354490755997,-1.0956959857592965,0.0,-1.0163786077777832,1.3920560226653578,-1.06066404764835,0.3664281920334229,-0.5077973146584166,-0.036345677136213346,-1.4205091503649614,0.7945011367743217,-1.004816793256118
-0.6540074998485989,-0.5926574454145281,0.13722619891197052,0.0,0.14049015616918506,-0.2861622278852146,0.2912550259375576,-0.7205890309734423,-0.9740475762993263,-0.7895080470085014,1.2132438494254965,0.7945011367743217,-0.4777185671053135
1.100452080351441,-0.5926574454145281,1.0332367854162956,0.0,1.3313844719969472,0.33312394344471485,0.7633537500469222,-0.4753996863139875,1.7068914281359044,1.5784344438699722,0.8499675735923296,0.6329128576451277,-0.3048760593431257
-0.6438377409988483,1.9693354490755997,-1.0956959857592965,0.0,-1.0163786077777832,0.7570119334898833,-0.9819809269634557,-0.004670483476247871,-0.5077973146584166,-0.036345677136213346,-1.4205091503649614,0.6355360439946282,-0.8205466816749424
0.07630147303375819,-0.5926574454145281,1.248163149764172,0.0,0.4126945712155309,0.15821105535916255,0.9529085407878032,-0.7325122630615309,-0.5077973146584166,-0.006219182341321825,-1.6475568227606907,-1.975255750003905,-0.15774566017365985
-0.6208433937788327,1.456936870177574,-0.8502733129566532,0.0,-0.8802764002546104,-0.24676743327135225,-1.407585079759019,1.9155421978462515,-0.15810961842773427,-0.72322975845974,0.6229199011966003,0.46817675489653365,-0.7948345730822202
-0.590643948592387,-0.5926574454145281,-0.5917807936733958,0.0,-0.9228083401056019,-1.42230810454903,0.95648504627348,0.98801012724966,-0.7409224454788714,-1.0305200053676336,-0.1944517194280247,0.7945011367743217,2.626304320227201
-0.6584970170469057,1.9693354490755997,-1.0463210101658653,0.0,-0.6165783731784633,0.9019847776688994,-1.4469266401014662,1.271973822659579,-0.5077973146584166,-0.20505404798760588,-0.33068032286546084,0.32600005475363925,-1.1162359304912473
-0.5673822958828919,-0.5926574454145281,-0.6948873603537962,0.0,-0.42093144986390224,-0.3397391485600683,-0.2523738078853471,-0.06986671653391668,-0.15810961842773427,-0.5846478824032391,-0.4214993918237538,-0.26264296207414345,-0.22059748117809172
-0.6427867444152121,1.2109855523065218,-0.7442623359472273,0.0,-1.067416935598973,1.0327754957869255,-2.208722308550668,2.4363012825256116,-0.2746721838379617,-0.44606600634673804,0.35046269432172644,0.22736824801243963,-1.2705085820475803
-0.4089460796809384,-0.5926574454145281,-0.41315955843833585,0.0,-0.15723342278775473,-0.530409954491167,0.738318211647183,0.10201859724796909,-0.624359880068644,-0.5846478824032391,1.2132438494254965,0.5652346498280287,0.200795409647077
-0.5859326893403073,-0.5926574454145281,-0.15757144948410381,0.0,-0.1061950949665649,-0.056096627340253565,0.5094218605638546,-0.25543990075292833,-0.624359880068644,-0.602723779280174,0.032595952967704414,0.6103534550394281,-0.646275723435381
1.398139268760418,-0.5926574454145281,1.0332367854162956,0.0,1.3313844719969472,-0.3476181074828408,0.566645948334687,-0.5155094390583178,1.7068914281359044,1.5784344438699722,0.8499675735923296,0.7945011367743217,0.32507060117856734
-0.2809371258439645,-0.5926574454145281,1.248163149764172,0.0,0.4126945712155309,-0.08130929589312605,0.8599193981602008,-0.9538551435448085,-0.5077973146584166,-0.006219182341321825,-1.6475568227606907,-1.975255750003905,-0.9891038380050099
-0.6359583041839578,1.9693354490755997,-0.6643910518990299,0.0,-0.9313147280758002,1.5212709489988303,-0.6994369935949725,0.4715910990503649,-0.624359880068644,-0.9039887272290892,-0.33068032286546084,0.3931536253008357,-0.91053906174947
2.0872008023833306,-0.5926574454145281,1.0332367854162956,0.0,1.5610569471923015,0.28900177347718875,1.1245808041002994,-0.8680078725105703,1.7068914281359044,1.5784344438699722,0.8499675735923296,0.26094503328604085,0.9178775492885509
-0.6467659511336032,1.9693354490755997,-1.0956959857592965,0.0,-1.0163786077777832,0.6892528867540384,-1.3503609919881872,1.278841604342318,-0.5077973146584166,-0.036345677136213346,-1.4205091503649614,0.4172869397162338,-1.1048083266722597
2.0872008023833306,-0.5926574454145281,1.0332367854162956,0.0,1.2208014283843691,-1.6145547022646825,1.056627199872436,-1.1314159158006245,1.7068914281359044,1.5784344438699722,0.8499675735923296,0.7945011367743217,2.626304320227201
-0.6426530916704722,-0.5926574454145281,0.4262150266499943,0.0,-1.0163786077777832,-0.27513168539333344,-1.7938476722121357,0.8128340014114616,-0.624359880068644,-0.6931032636648485,-1.0572328745317947,0.7945011367743217,-0.5491410909739862
2.0872008023833306,-0.5926574454145281,1.0332367854162956,0.0,0.3446434674539444,-1.8068012999803347,1.1245808041002994,-1.0535333638012296,1.7068914281359044,1.5784344438699722,0.8499675735923296,-1.975255750003905,1.0935769580054853
-0.660034023611414,1.9693354490755997,-1.0463210101658653,0.0,-0.6165783731784633,0.6214938400181934,-0.4347755876548743,0.922241579051763,-0.5077973146584166,-0.20505404798760588,-0.33068032286546084,0.7945011367743217,-0.7491241578062697
-0.48199945493078944,1.0470180070591537,-1.0187291120401243,0.0,0.7699628659638598,2.2516504411398555,0.656058585476612,-0.9526151274076473,-0.5077973146584166,-0.8437357376393062,-2.3286998399478787,0.41676230244633433,-1.043384956145201
-0.5180127945134188,-0.5926574454145281,-0.15757144948410381,0.0,-0.1061950949665649,0.5253705411603672,0.49869234410682367,-0.22935186894419038,-0.624359880068644,-0.602723779280174,0.032595952967704414,0.7945011367743217,-1.1262350838328614
0.1627018973833116,-0.5926574454145281,1.248163149764172,0.0,2.6753937712882787,-1.1103013312072327,0.9421790243307723,-1.0839137591616794,-0.5077973146584166,-0.006219182341321825,-1.6475568227606907,-1.5689897641251007,1.2892746734056486
-0.5644631984352783,-0.5926574454145281,1.583622542766602,0.0,0.5743159426492987,0.24645539529421623,1.0852392437578524,-0.8011900798889215,-0.624359880068644,0.19864098226394053,1.3040629183837877,0.6969186045729271,0.02509600093014214
-0.21324201063322937,-0.5926574454145281,1.248163149764172,0.0,2.6753937712882787,-1.4144291456262577,1.1245808041002994,-1.0524841193774779,-0.5077973146584166,-0.006219182341321825,-1.6475568227606907,-1.975255750003905,0.12223063339153695
0.6266409499991431,-0.5926574454145281,1.0332367854162956,0.0,1.8162485862982507,-0.2987685621616509,0.45577427827869954,-0.6149015017446245,1.7068914281359044,1.5784344438699722,0.8499675735923296,0.4713245785159337,0.03509515427175636
-0.6469208668150062,-0.5926574454145281,-1.175567269807494,0.0,-0.9483275040161968,1.7560639248974552,-0.21660875302857704,-0.1446015352620562,-0.8574850108890988,-0.7714321501315665,-0.14904218494887822,0.7945011367743217,-0.8905407550662415
1.843470214233606,-0.5926574454145281,1.0332367854162956,0.0,0.9485970133380243,-0.6722312151010743,0.7526242335898907,-1.2728254483653558,1.7068914281359044,1.5784344438699722,0.8499675735923296,-1.7772707602753954,-0.5062875766527825
-0.6460369361622949,-0.5926574454145281,-0.9432144434854648,0.0,-0.9143019521354036,-0.2845864361006596,-0.4204695657121663,-0.024224584100713417,-0.7409224454788714,-0.9461658199419374,0.07800548744685089,0.7026896145418247,-0.5691393976572147
1.6870296765156085,-0.5926574454145281,1.0332367854162956,0.0,1.3313844719969472,-0.0009439148808448337,0.5416104099349478,-0.4842228780591731,1.7068914281359044,1.5784344438699722,0.8499675735923296,-1.975255750003905,0.5436235242167059
-0.6539558612881311,-0.5926574454145281,-1.12474008904955,0.0,-0.8207316844632222,-0.2483432250559059,-1.300289915188709,0.9897270726703445,-0.624359880068644,0.1564638895510924,-0.6485470642194828,-0.6917962488523302,-0.4762901166279401
-0.5798059260189372,-0.5926574454145281,-0.05736929313272884,0.0,-0.5740464333274717,-1.4018228113498212,-2.101427143980358,-0.10058096239283304,-0.624359880068644,-0.7654068511725882,0.12341502192599735,-1.7221838469358965,2.4463195600781464
0.47891517875066053,-0.5926574454145281,1.0332367854162956,0.0,0.8380139697254463,-0.5508952476903757,0.5773754647917179,-0.4420623293956916,1.7068914281359044,1.5784344438699722,0.8499675735923296,-1.975255750003905,0.6750409681350634
-0.6459944102889685,-0.5926574454145281,2.12965168462337,0.0,0.20854125993077152,-0.46895407489354085,0.5559164318776555,-0.7635603594189138,-0.8574850108890988,-1.3016584585216573,0.35046269432172644,-0.21437633324334415,0.2636472306515089
-0.6533574614991822,-0.5926574454145281,0.13722619891197052,0.0,0.14049015616918506,-0.42798348849512197,0.4378917508503145,-0.6168569118070713,-0.9740475762993263,-0.7895080470085014,1.2132438494254965,0.7945011367743217,-0.649132624390128
-0.2875195235224023,-0.5926574454145281,-0.41315955843833585,0.0,-0.15723342278775473,-1.1528477093902052,1.056627199872436,-0.00023504113947906644,-0.624359880068644,-0.5846478824032391,1.2132438494254965,-0.2720864329323435,1.2278513028785902
-0.6295490475612059,1.9693354490755997,-1.0956959857592965,0.0,-1.0163786077777832,0.40088299018055984,-1.4111615852446961,0.3664281920334229,-0.5077973146584166,-0.036345677136213346,-1.4205091503649614,0.05686113529494507,-1.1233781828781146
-0.6195342043928582,-0.5926574454145281,-0.025420779513449742,0.0,-1.2205319190625428,-0.5367131216293844,-1.8260362215832286,0.71010343374049,-0.624359880068644,-0.5966984803211957,0.3958722288008713,-0.2526748539460439,-0.3634425289154371
-0.615755476791577,-0.5926574454145281,-0.3521669415288032,0.0,-0.31034840625132426,-0.7336870946987005,0.8348838597604622,-0.7570741211629937,-0.5077973146584166,-0.12069986256190961,1.16783431494635,0.7299707525766258,0.8907369902184551
-0.5768868285713236,1.0470180070591537,-0.5845197678508324,0.0,-0.786706132582429,-0.7021712590076106,-0.9462158721066857,0.3007550296922308,-0.7409224454788714,-1.0907729949574165,0.12341502192599735,0.3616753891068355,0.08223402002508033
-0.6631991636118441,1.9693354490755997,-1.30336132428461,0.0,-1.0333913837181798,0.5253705411603672,-1.3897025523306341,2.1679331746869117,-0.624359880068644,-0.7473309542956533,-0.6031375297403364,0.4818173239139327,-0.9191097646137106
2.0872008023833306,-0.5926574454145281,1.0332367854162956,0.0,1.5610569471923015,0.5159157904530397,0.9314495078737409,-0.7982331183310757,1.7068914281359044,1.5784344438699722,0.8499675735923296,-1.975255750003905,1.549252660287617
-0.5982712677297,-0.5926574454145281,-0.3521669415288032,0.0,-0.31034840625132426,0.16293843071282632,0.602411003191457,-0.5168448410521835,-0.5077973146584166,-0.12069986256190961,1.16783431494635,-1.975255750003905,-0.2563087431124281
